year,airline_name,seat_supply,flight_count,passenger_count,cargo_ton,load_factor_proxy,passengers_per_flight,passenger_growth_rate,flight_growth_rate,seat_supply_growth_rate,is_lcc
2022,DHL AIR LIMITED(DHK),0.0,48.0,0.0,420.0,0.0,0.0,,,,False
2023,DHL AIR LIMITED(DHK),0.0,280.0,0.0,2307.0,0.0,0.0,,483.33,,False
2024,DHL AIR LIMITED(DHK),0.0,4.0,0.0,8.0,0.0,0.0,,-98.57,,False
2025,DHL AIR LIMITED(DHK),0.0,4.0,0.0,85.0,0.0,0.0,,0.0,,False
2026,DHL AIR LIMITED(DHK),0.0,2.0,0.0,84.0,0.0,0.0,,-50.0,,False
2022,JetAvia(ZAV),0.0,6.0,0.0,48.0,0.0,0.0,,,,False
2023,Myway Airlines(MYW),0.0,1.0,0.0,0.0,0.0,0.0,,,,False
2024,Myway Airlines(MYW),0.0,1.0,0.0,7.0,0.0,0.0,,0.0,,False
2022,Royal Air Philippines(RYL),8280.0,48.0,6029.0,63.0,0.7281,125.6,,,,False
2023,Royal Air Philippines(RYL),50370.0,286.0,41614.0,463.0,0.8262,145.5,590.23,495.83,508.33,False
2024,Royal Air Philippines(RYL),18690.0,112.0,11547.0,141.0,0.6178,103.1,-72.25,-60.84,-62.89,False
2025,Royal Air Philippines(RYL),1080.0,6.0,1038.0,16.0,0.9611,173.0,-91.01,-94.64,-94.22,False
2025,SCAT 항공(VSV),23358.0,124.0,12912.0,279.0,0.5528,104.13,,,,False
2026,SCAT 항공(VSV),37704.0,200.0,22244.0,462.0,0.59,111.22,72.27,61.29,61.42,False
2022,YTO 화물 항공사(HYT),0.0,168.0,0.0,1493.0,0.0,0.0,,,,False
2023,YTO 화물 항공사(HYT),0.0,302.0,0.0,4252.0,0.0,0.0,,79.76,,False
2024,YTO 화물 항공사(HYT),0.0,1130.0,0.0,17077.0,0.0,0.0,,274.17,,False
2025,YTO 화물 항공사(HYT),0.0,636.0,0.0,11321.0,0.0,0.0,,-43.72,,False
2026,YTO 화물 항공사(HYT),0.0,342.0,0.0,6632.0,0.0,0.0,,-46.23,,False
2022,가루다인도네시아(GIA),65381.0,245.0,39207.0,3815.0,0.5997,160.03,,,,False
2023,가루다인도네시아(GIA),148234.0,546.0,102384.0,4756.0,0.6907,187.52,161.14,122.86,126.72,False
2024,가루다인도네시아(GIA),291204.0,1068.0,217029.0,9401.0,0.7453,203.21,111.98,95.6,96.45,False
2025,가루다인도네시아(GIA),338382.0,1238.0,252943.0,11157.0,0.7475,204.32,16.55,15.92,16.2,False
2026,가루다인도네시아(GIA),138104.0,500.0,99389.0,6280.0,0.7197,198.78,-60.71,-59.61,-59.19,False
2025,구원항공(JYH),4158.0,22.0,1270.0,12.0,0.3054,57.73,,,,False
2022,국적사 계,58650671.0,325963.0,48846464.0,2495366.0,0.8328,149.85,,,,False
2023,국적사 계,92377703.0,461095.0,79391236.0,2755884.0,0.8594,172.18,62.53,41.46,57.5,False
2024,국적사 계,106462567.0,526666.0,92359527.0,3036682.0,0.8675,175.37,16.33,14.22,15.25,False
2025,국적사 계,110787545.0,541791.0,94643619.0,3010334.0,0.8543,174.69,2.47,2.87,4.06,False
2026,국적사 계,75555722.0,371974.0,66436810.0,2083339.0,0.8793,178.61,-29.8,-31.34,-31.8,False
2023,그레이터베이항공(HGB),89208.0,472.0,53499.0,762.0,0.5997,113.35,,,,False
2024,그레이터베이항공(HGB),141156.0,756.0,98274.0,1423.0,0.6962,129.99,83.69,60.17,58.23,False
2025,그레이터베이항공(HGB),23070.0,124.0,17860.0,275.0,0.7742,144.03,-81.83,-83.6,-83.66,False
2023,나우루 항공(RON),90.0,6.0,12.0,0.0,0.1333,2.0,,,,False
2024,나우루 항공(RON),30.0,2.0,5.0,0.0,0.1667,2.5,-58.33,-66.67,-66.67,False
2022,내셔널항공(NCR),0.0,45.0,0.0,1750.0,0.0,0.0,,,,False
2023,내셔널항공(NCR),0.0,34.0,0.0,1213.0,0.0,0.0,,-24.44,,False
2024,내셔널항공(NCR),0.0,50.0,0.0,2550.0,0.0,0.0,,47.06,,False
2025,내셔널항공(NCR),0.0,23.0,0.0,863.0,0.0,0.0,,-54.0,,False
2026,내셔널항공(NCR),0.0,7.0,0.0,224.0,0.0,0.0,,-69.57,,False
2022,네덜란드항공(KLM),133474.0,741.0,79497.0,5836.0,0.5956,107.28,,,,False
2023,네덜란드항공(KLM),207534.0,1182.0,122792.0,7130.0,0.5917,103.88,54.46,59.51,55.49,False
2024,네덜란드항공(KLM),204432.0,585.0,181128.0,11616.0,0.886,309.62,47.51,-50.51,-1.49,False
2025,네덜란드항공(KLM),211254.0,608.0,181774.0,11775.0,0.8605,298.97,0.36,3.93,3.34,False
2026,네덜란드항공(KLM),128728.0,430.0,111747.0,7649.0,0.8681,259.88,-38.52,-29.28,-39.06,False
2022,뉴질랜드항공(ANZ),40414.0,167.0,32551.0,2309.0,0.8054,194.92,,,,False
2023,뉴질랜드항공(ANZ),91484.0,304.0,67155.0,3786.0,0.7341,220.9,106.31,82.04,126.37,False
2024,뉴질랜드항공(ANZ),38548.0,128.0,30566.0,1543.0,0.7929,238.8,-54.48,-57.89,-57.86,False
2025,뉴질랜드항공(ANZ),21474.0,72.0,17822.0,758.0,0.8299,247.53,-41.69,-43.75,-44.29,False
2026,다채귀주항공(CGZ),2408.0,14.0,1534.0,17.0,0.637,109.57,,,,False
2022,대한항공(KAL),14191121.0,90946.0,11181440.0,1542113.0,0.7879,122.95,,,,False
2023,대한항공(KAL),24452564.0,122556.0,20173571.0,1536040.0,0.825,164.61,80.42,34.76,72.31,False
2024,대한항공(KAL),28967925.0,143274.0,24007996.0,1674936.0,0.8288,167.57,19.01,16.9,18.47,False
2025,대한항공(KAL),30412182.0,147212.0,25683827.0,1658043.0,0.8445,174.47,6.98,2.75,4.99,False
2026,대한항공(KAL),19985945.0,97604.0,17410722.0,1132442.0,0.8711,178.38,-32.21,-33.7,-34.28,False
2022,델타항공(DAL),535926.0,1833.0,441661.0,21141.0,0.8241,240.95,,,,False
2023,델타항공(DAL),888098.0,2988.0,781496.0,34551.0,0.88,261.54,76.94,63.01,65.71,False
2024,델타항공(DAL),1018979.0,3436.0,878892.0,39733.0,0.8625,255.79,12.46,14.99,14.74,False
2025,델타항공(DAL),1145084.0,3967.0,991716.0,50442.0,0.8661,249.99,12.84,15.45,12.38,False
2026,델타항공(DAL),803130.0,2810.0,713365.0,39071.0,0.8882,253.87,-28.07,-29.17,-29.86,False
2022,라다항공(RDA),0.0,3.0,0.0,49.0,0.0,0.0,,,,False
2022,라오항공(LAO),51432.0,357.0,36225.0,859.0,0.7043,101.47,,,,False
2023,라오항공(LAO),106006.0,734.0,88185.0,1493.0,0.8319,120.14,143.44,105.6,106.11,False
2024,라오항공(LAO),116520.0,801.0,88755.0,1514.0,0.7617,110.81,0.65,9.13,9.92,False
2025,라오항공(LAO),89372.0,626.0,72227.0,1385.0,0.8082,115.38,-18.62,-21.85,-23.3,False
2026,라오항공(LAO),55902.0,394.0,43756.0,989.0,0.7827,111.06,-39.42,-37.06,-37.45,False
2022,러시아항공(AFL),7638.0,19.0,3692.0,403.0,0.4834,194.32,,,,False
2024,럭키항공(LKE),8556.0,46.0,4200.0,46.0,0.4909,91.3,,,,False
2024,루일리항공(RLH),12272.0,66.0,7934.0,70.0,0.6465,120.21,,,,False
2026,루일리항공(RLH),20730.0,118.0,13023.0,142.0,0.6282,110.36,64.14,78.79,68.92,False
2022,루프트한자항공(독일항공)(DLH),310608.0,1000.0,254292.0,13808.0,0.8187,254.29,,,,False
2023,루프트한자항공(독일항공)(DLH),420067.0,1245.0,357400.0,16317.0,0.8508,287.07,40.55,24.5,35.24,False
2024,루프트한자항공(독일항공)(DLH),419586.0,1244.0,362639.0,17865.0,0.8643,291.51,1.47,-0.08,-0.11,False
2025,루프트한자항공(독일항공)(DLH),392653.0,1308.0,358506.0,17868.0,0.913,274.09,-1.14,5.14,-6.42,False
2026,루프트한자항공(독일항공)(DLH),254858.0,870.0,237908.0,11957.0,0.9335,273.46,-33.64,-33.49,-35.09,False
2022,루프트한자화물항공(독일화물항공)(GEC),0.0,1979.0,0.0,16596.0,0.0,0.0,,,,False
2023,루프트한자화물항공(독일화물항공)(GEC),0.0,924.0,0.0,19310.0,0.0,0.0,,-53.31,,False
2024,루프트한자화물항공(독일화물항공)(GEC),0.0,616.0,0.0,14642.0,0.0,0.0,,-33.33,,False
2025,루프트한자화물항공(독일화물항공)(GEC),0.0,608.0,0.0,13100.0,0.0,0.0,,-1.3,,False
2026,루프트한자화물항공(독일화물항공)(GEC),0.0,397.0,0.0,8533.0,0.0,0.0,,-34.7,,False
2023,룽에어(CDC),48240.0,276.0,39586.0,405.0,0.8206,143.43,,,,False
2024,룽에어(CDC),137604.0,790.0,116405.0,1159.0,0.8459,147.35,194.06,186.23,185.25,False
2025,룽에어(CDC),161370.0,933.0,143260.0,1453.0,0.8878,153.55,23.07,18.1,17.27,False
2026,룽에어(CDC),111012.0,640.0,98148.0,1015.0,0.8841,153.36,-31.49,-31.4,-31.21,False
2022,룽하오에어(LHA),0.0,516.0,0.0,4708.0,0.0,0.0,,,,False
2023,룽하오에어(LHA),0.0,352.0,0.0,3021.0,0.0,0.0,,-31.78,,False
2024,룽하오에어(LHA),0.0,810.0,0.0,8681.0,0.0,0.0,,130.11,,False
2025,룽하오에어(LHA),0.0,1096.0,0.0,12986.0,0.0,0.0,,35.31,,False
2026,룽하오에어(LHA),0.0,484.0,0.0,6230.0,0.0,0.0,,-55.84,,False
2025,마스에어(MAA),0.0,288.0,0.0,68.0,0.0,0.0,,,,False
2026,마스에어(MAA),0.0,238.0,0.0,258.0,0.0,0.0,,-17.36,,False
2026,마틴에어(MPH),0.0,114.0,0.0,4538.0,0.0,0.0,,,,False
2022,말레스 항공(MLT),0.0,4.0,0.0,29.0,0.0,0.0,,,,False
2022,말레이시아항공(MAS),107296.0,676.0,75964.0,11232.0,0.708,112.37,,,,False
2023,말레이시아항공(MAS),202876.0,702.0,147871.0,9789.0,0.7289,210.64,94.66,3.85,89.08,False
2024,말레이시아항공(MAS),250394.0,870.0,181664.0,12662.0,0.7255,208.81,22.85,23.93,23.42,False
2025,말레이시아항공(MAS),338323.0,1211.0,243637.0,15699.0,0.7201,201.19,34.11,39.2,35.12,False
2026,말레이시아항공(MAS),218054.0,778.0,174437.0,10896.0,0.8,224.21,-28.4,-35.76,-35.55,False
2023,말린도항공(MXD),62316.0,344.0,44191.0,605.0,0.7091,128.46,,,,False
2024,말린도항공(MXD),129420.0,710.0,100896.0,1523.0,0.7796,142.11,128.32,106.4,107.68,False
2025,말린도항공(MXD),130558.0,726.0,99324.0,1382.0,0.7608,136.81,-1.56,2.25,0.88,False
2026,말린도항공(MXD),79160.0,444.0,59847.0,1074.0,0.756,134.79,-39.75,-38.84,-39.37,False
2022,모터-시크항공(MSI),0.0,4.0,0.0,1.0,0.0,0.0,,,,False
2023,모터-시크항공(MSI),0.0,2.0,0.0,2.0,0.0,0.0,,-50.0,,False
2022,몽골항공(MGL),171524.0,1024.0,135742.0,5405.0,0.7914,132.56,,,,False
2023,몽골항공(MGL),329942.0,1826.0,269895.0,7405.0,0.818,147.81,98.83,78.32,92.36,False
2024,몽골항공(MGL),372306.0,1775.0,303677.0,9012.0,0.8157,171.09,12.52,-2.79,12.84,False
2025,몽골항공(MGL),365448.0,1837.0,297061.0,8639.0,0.8129,161.71,-2.18,3.49,-1.84,False
2026,몽골항공(MGL),261130.0,1208.0,225588.0,6262.0,0.8639,186.75,-24.06,-34.24,-28.55,False
2022,미얀마 항공(UBA),8820.0,96.0,5843.0,293.0,0.6625,60.86,,,,False
2023,미얀마 항공(UBA),12128.0,102.0,7499.0,230.0,0.6183,73.52,28.34,6.25,37.51,False
2024,미얀마 항공(UBA),17352.0,100.0,7696.0,247.0,0.4435,76.96,2.63,-1.96,43.07,False
2025,미얀마 항공(UBA),4386.0,30.0,2184.0,75.0,0.4979,72.8,-71.62,-70.0,-74.72,False
2026,미얀마 항공(UBA),984.0,6.0,371.0,21.0,0.377,61.83,-83.01,-80.0,-77.56,False
2022,미얀마국제항공(MMA),42498.0,298.0,24630.0,991.0,0.5796,82.65,,,,False
2023,미얀마국제항공(MMA),47824.0,332.0,30081.0,951.0,0.629,90.61,22.13,11.41,12.53,False
2024,미얀마국제항공(MMA),50160.0,352.0,33275.0,898.0,0.6634,94.53,10.62,6.02,4.88,False
2025,미얀마국제항공(MMA),53826.0,374.0,38123.0,1012.0,0.7083,101.93,14.57,6.25,7.31,False
2026,미얀마국제항공(MMA),36464.0,254.0,26206.0,770.0,0.7187,103.17,-31.26,-32.09,-32.26,False
2022,뱀부항공(BAV),98798.0,644.0,79211.0,4235.0,0.8017,123.0,,,,False
2023,뱀부항공(BAV),118626.0,598.0,98195.0,2044.0,0.8278,164.21,23.97,-7.14,20.07,False
2024,뱀부항공(BAV),33984.0,178.0,30632.0,334.0,0.9014,172.09,-68.8,-70.23,-71.35,False
2025,뱀부항공(BAV),2088.0,14.0,1590.0,27.0,0.7615,113.57,-94.81,-92.13,-93.86,False
2026,뱀부항공(BAV),768.0,4.0,674.0,7.0,0.8776,168.5,-57.61,-71.43,-63.22,False
2026,버진 애틀란틱항공(VIR),74820.0,291.0,58372.0,3475.0,0.7802,200.59,,,,False
2022,베트남항공(HVN),666305.0,2505.0,502563.0,24908.0,0.7543,200.62,,,,False
2023,베트남항공(HVN),1581590.0,5955.0,1234445.0,45138.0,0.7805,207.3,145.63,137.72,137.37,False
2024,베트남항공(HVN),1649230.0,6052.0,1363730.0,54435.0,0.8269,225.34,10.47,1.63,4.28,False
2025,베트남항공(HVN),1760132.0,6314.0,1515865.0,62920.0,0.8612,240.08,11.16,4.33,6.72,False
2026,베트남항공(HVN),1216704.0,4465.0,1048973.0,41469.0,0.8621,234.93,-30.8,-29.28,-30.87,False
2022,볼가화물항공(VDA),0.0,11.0,0.0,286.0,0.0,0.0,,,,False
2022,북경수도항공(CBJ),174.0,2.0,36.0,1.0,0.2069,18.0,,,,False
2023,북경수도항공(CBJ),4944.0,28.0,2586.0,31.0,0.5231,92.36,7083.33,1300.0,2741.38,False
2024,북경수도항공(CBJ),39190.0,220.0,27529.0,266.0,0.7024,125.13,964.54,685.71,692.68,False
2025,북경수도항공(CBJ),55028.0,301.0,36178.0,385.0,0.6574,120.19,31.42,36.82,40.41,False
2026,북경수도항공(CBJ),26714.0,148.0,21836.0,228.0,0.8174,147.54,-39.64,-50.83,-51.45,False
2022,브루나이항공(RBA),4488.0,28.0,2333.0,44.0,0.5198,83.32,,,,False
2023,브루나이항공(RBA),42672.0,280.0,22822.0,436.0,0.5348,81.51,878.23,900.0,850.8,False
2024,브루나이항공(RBA),47100.0,314.0,27873.0,593.0,0.5918,88.77,22.13,12.14,10.38,False
2025,브루나이항공(RBA),47724.0,314.0,31008.0,654.0,0.6497,98.75,11.25,0.0,1.32,False
2026,브루나이항공(RBA),30416.0,200.0,22021.0,448.0,0.724,110.1,-28.98,-36.31,-36.27,False
2026,블랙스톤항공(RGM),0.0,3.0,0.0,4.0,0.0,0.0,,,,False
2022,비엣젯항공(VJC),1297810.0,5648.0,941352.0,14306.0,0.7253,166.67,,,,False
2023,비엣젯항공(VJC),3352154.0,14569.0,2596758.0,35658.0,0.7747,178.24,175.85,157.95,158.29,False
2024,비엣젯항공(VJC),3519130.0,15724.0,2920324.0,39837.0,0.8298,185.72,12.46,7.93,4.98,False
2025,비엣젯항공(VJC),3441160.0,15186.0,2769060.0,38386.0,0.8047,182.34,-5.18,-3.42,-2.22,False
2026,비엣젯항공(VJC),1606040.0,6999.0,1274335.0,19385.0,0.7935,182.07,-53.98,-53.91,-53.33,False
2023,비엣트레블 항공(VAG),16060.0,73.0,12927.0,133.0,0.8049,177.08,,,,False
2024,비엣트레블 항공(VAG),2420.0,11.0,2179.0,23.0,0.9004,198.09,-83.14,-84.93,-84.93,False
2022,사우디항공(SVA),35996.0,192.0,20061.0,2410.0,0.5573,104.48,,,,False
2023,사우디항공(SVA),120356.0,392.0,69702.0,4213.0,0.5791,177.81,247.45,104.17,234.36,False
2024,사우디항공(SVA),47674.0,158.0,20673.0,1641.0,0.4336,130.84,-70.34,-59.69,-60.39,False
2023,사천항공(CSC),96903.0,521.0,58431.0,756.0,0.603,112.15,,,,False
2024,사천항공(CSC),147844.0,810.0,123311.0,1663.0,0.8341,152.24,111.04,55.47,52.57,False
2025,사천항공(CSC),140752.0,770.0,110707.0,1534.0,0.7865,143.78,-10.22,-4.94,-4.8,False
2026,사천항공(CSC),138342.0,734.0,114721.0,1527.0,0.8293,156.3,3.63,-4.68,-1.71,False
2022,산동항공(CDG),25696.0,146.0,18677.0,521.0,0.7268,127.92,,,,False
2023,산동항공(CDG),600636.0,3478.0,366310.0,7001.0,0.6099,105.32,1861.29,2282.19,2237.47,False
2024,산동항공(CDG),1175416.0,6793.0,867223.0,16223.0,0.7378,127.66,136.75,95.31,95.7,False
2025,산동항공(CDG),1218960.0,6959.0,944235.0,16902.0,0.7746,135.69,8.88,2.44,3.7,False
2026,산동항공(CDG),826420.0,4699.0,710786.0,12137.0,0.8601,151.26,-24.72,-32.48,-32.2,False
2022,상해항공(CSH),14820.0,52.0,8375.0,195.0,0.5651,161.06,,,,False
2023,상해항공(CSH),227566.0,1008.0,152780.0,2429.0,0.6714,151.57,1724.24,1838.46,1435.53,False
2024,상해항공(CSH),444805.0,2170.0,358689.0,6689.0,0.8064,165.29,134.77,115.28,95.46,False
2025,상해항공(CSH),437822.0,2182.0,388337.0,6950.0,0.887,177.97,8.27,0.55,-1.57,False
2026,상해항공(CSH),292596.0,1446.0,264859.0,4898.0,0.9052,183.17,-31.8,-33.73,-33.17,False
2022,세부퍼시픽항공(CEB),244198.0,821.0,124568.0,5075.0,0.5101,151.73,,,,False
2023,세부퍼시픽항공(CEB),501454.0,2336.0,362819.0,4846.0,0.7235,155.32,191.26,184.53,105.35,False
2024,세부퍼시픽항공(CEB),540848.0,2098.0,424579.0,8620.0,0.785,202.37,17.02,-10.19,7.86,False
2025,세부퍼시픽항공(CEB),602968.0,2075.0,452193.0,10650.0,0.7499,217.92,6.5,-1.1,11.49,False
2026,세부퍼시픽항공(CEB),391186.0,1370.0,317235.0,6693.0,0.811,231.56,-29.85,-33.98,-35.12,False
2023,센트럴항공(HLF),0.0,1290.0,0.0,10548.0,0.0,0.0,,,,False
2024,센트럴항공(HLF),0.0,922.0,0.0,8486.0,0.0,0.0,,-28.53,,False
2025,센트럴항공(HLF),0.0,568.0,0.0,6681.0,0.0,0.0,,-38.39,,False
2026,센트럴항공(HLF),0.0,374.0,0.0,7257.0,0.0,0.0,,-34.15,,False
2023,센트럼항공(MFX),0.0,8.0,0.0,219.0,0.0,0.0,,,,False
2024,센트럼항공(MFX),0.0,41.0,0.0,784.0,0.0,0.0,,412.5,,False
2025,센트럼항공(MFX),20396.0,94.0,15486.0,307.0,0.7593,164.74,inf,129.27,inf,False
2026,센트럼항공(MFX),31972.0,140.0,23687.0,602.0,0.7409,169.19,52.96,48.94,56.76,False
2022,스리랑카항공(ALK),35476.0,128.0,23866.0,1854.0,0.6727,186.45,,,,False
2023,스리랑카항공(ALK),59916.0,210.0,40331.0,2805.0,0.6731,192.05,68.99,64.06,68.89,False
2024,스리랑카항공(ALK),62652.0,215.0,39288.0,3508.0,0.6271,182.73,-2.59,2.38,4.57,False
2025,스리랑카항공(ALK),62478.0,215.0,45665.0,3506.0,0.7309,212.4,16.23,0.0,-0.28,False
2026,스리랑카항공(ALK),35870.0,126.0,30570.0,2094.0,0.8522,242.62,-33.06,-41.4,-42.59,False
2023,스마트윙스(TVS),164.0,2.0,143.0,3.0,0.872,71.5,,,,False
2024,스위스항공(SWR),30960.0,144.0,29148.0,2182.0,0.9415,202.42,,,,False
2025,스위스항공(SWR),43000.0,200.0,40429.0,3038.0,0.9402,202.14,38.7,38.89,38.89,False
2026,스위스항공(SWR),31624.0,134.0,30418.0,2459.0,0.9619,227.0,-24.76,-33.0,-26.46,False
2026,스카이리스항공(KYE),0.0,84.0,0.0,898.0,0.0,0.0,,,,False
2022,스카이앙코르항공(SWM),32400.0,171.0,19491.0,408.0,0.6016,113.98,,,,False
2023,스카이앙코르항공(SWM),108218.0,594.0,86519.0,1250.0,0.7995,145.65,343.89,247.37,234.01,False
2024,스카이앙코르항공(SWM),139472.0,697.0,105322.0,1418.0,0.7551,151.11,21.73,17.34,28.88,False
2025,스카이앙코르항공(SWM),98760.0,512.0,75063.0,1115.0,0.7601,146.61,-28.73,-26.54,-29.19,False
2026,스카이앙코르항공(SWM),39540.0,196.0,30448.0,490.0,0.7701,155.35,-59.44,-61.72,-59.96,False
2026,스카이웨이항공(XKY),0.0,1.0,0.0,2.0,0.0,0.0,,,,False
2026,스카이택시(IGA),0.0,1.0,0.0,0.0,0.0,0.0,,,,False
2025,스칸디나비아항공(SAS),31800.0,106.0,26345.0,1490.0,0.8285,248.54,,,,False
2026,스칸디나비아항공(SAS),93600.0,312.0,81919.0,4986.0,0.8752,262.56,210.95,194.34,194.34,False
2022,스쿠트타이거항공(TGW),231152.0,714.0,173655.0,3872.0,0.7513,243.21,,,,False
2023,스쿠트타이거항공(TGW),475355.0,1478.0,411703.0,6256.0,0.8661,278.55,137.08,107.0,105.65,False
2024,스쿠트타이거항공(TGW),427318.0,1340.0,364105.0,7357.0,0.8521,271.72,-11.56,-9.34,-10.11,False
2025,스쿠트타이거항공(TGW),467922.0,1514.0,411507.0,9614.0,0.8794,271.8,13.02,12.99,9.5,False
2026,스쿠트타이거항공(TGW),305114.0,1030.0,267702.0,6866.0,0.8774,259.9,-34.95,-31.97,-34.79,False
2026,스타럭스항공(SJX),62040.0,330.0,57794.0,799.0,0.9316,175.13,,,,False
2023,스타플라이어항공(SFJ),13650.0,91.0,8537.0,79.0,0.6254,93.81,,,,False
2024,스타플라이어항공(SFJ),16050.0,107.0,10704.0,102.0,0.6669,100.04,25.38,17.58,17.58,False
2022,시베리아항공(SBI),9646.0,63.0,3615.0,111.0,0.3748,57.38,,,,False
2024,실크웨이(AZQ),0.0,10.0,0.0,49.0,0.0,0.0,,,,False
2025,실크웨이(AZQ),0.0,4.0,0.0,69.0,0.0,0.0,,-60.0,,False
2026,실크웨이(AZQ),0.0,2.0,0.0,34.0,0.0,0.0,,-50.0,,False
2022,실크웨이웨스트(AZG),0.0,336.0,0.0,22113.0,0.0,0.0,,,,False
2023,실크웨이웨스트(AZG),0.0,277.0,0.0,18668.0,0.0,0.0,,-17.56,,False
2024,실크웨이웨스트(AZG),0.0,242.0,0.0,20152.0,0.0,0.0,,-12.64,,False
2025,실크웨이웨스트(AZG),0.0,212.0,0.0,20121.0,0.0,0.0,,-12.4,,False
2026,실크웨이웨스트(AZG),0.0,186.0,0.0,14673.0,0.0,0.0,,-12.26,,False
2022,싱가포르항공화물(SQC),0.0,32.0,0.0,283.0,0.0,0.0,,,,False
2022,싱가폴항공(SIA),408746.0,1474.0,349107.0,20363.0,0.8541,236.84,,,,False
2023,싱가폴항공(SIA),895132.0,3300.0,759267.0,45439.0,0.8482,230.08,117.49,123.88,118.99,False
2024,싱가폴항공(SIA),1016812.0,3938.0,850519.0,53693.0,0.8365,215.98,12.02,19.33,13.59,False
2025,싱가폴항공(SIA),928321.0,3736.0,841502.0,58455.0,0.9065,225.24,-1.06,-5.13,-8.7,False
2026,싱가폴항공(SIA),632871.0,2613.0,568142.0,39593.0,0.8977,217.43,-32.48,-30.06,-31.83,False
2026,썬푸꾸옥항공(SPQ),81936.0,360.0,61271.0,731.0,0.7478,170.2,,,,False
2022,아메리 제트 인터내셔널(AJT),0.0,32.0,0.0,381.0,0.0,0.0,,,,False
2023,아메리 제트 인터내셔널(AJT),0.0,480.0,0.0,4265.0,0.0,0.0,,1400.0,,False
2024,아메리 제트 인터내셔널(AJT),0.0,138.0,0.0,1850.0,0.0,0.0,,-71.25,,False
2022,아메리칸항공(AAL),170010.0,1126.0,143754.0,11384.0,0.8456,127.67,,,,False
2023,아메리칸항공(AAL),200660.0,730.0,188778.0,7996.0,0.9408,258.6,31.32,-35.17,18.03,False
2024,아메리칸항공(AAL),206912.0,732.0,188216.0,8455.0,0.9096,257.13,-0.3,0.27,3.12,False
2025,아메리칸항공(AAL),199580.0,728.0,178047.0,7548.0,0.8921,244.57,-5.4,-0.55,-3.54,False
2026,아메리칸항공(AAL),131152.0,470.0,121301.0,5354.0,0.9249,258.09,-31.87,-35.44,-34.29,False
2025,아스트랄 에비에이션(ACP),0.0,1.0,0.0,31.0,0.0,0.0,,,,False
2022,아시아나항공(AAR),10469545.0,57895.0,8236025.0,729604.0,0.7867,142.26,,,,False
2023,아시아나항공(AAR),17292688.0,79318.0,14017571.0,767463.0,0.8106,176.73,70.2,37.0,65.17,False
2024,아시아나항공(AAR),19536793.0,86906.0,16620768.0,822591.0,0.8507,191.25,18.57,9.57,12.98,False
2025,아시아나항공(AAR),20102972.0,86815.0,16872733.0,614734.0,0.8393,194.35,1.52,-0.1,2.9,False
2026,아시아나항공(AAR),12347656.0,50848.0,10758496.0,252444.0,0.8713,211.58,-36.24,-41.43,-38.58,False
2022,아에로멕시코(AMX),20898.0,86.0,11988.0,977.0,0.5736,139.4,,,,False
2024,아에로멕시코(AMX),73332.0,300.0,61566.0,2612.0,0.8396,205.22,413.56,248.84,250.9,False
2025,아에로멕시코(AMX),167131.0,673.0,136408.0,5969.0,0.8162,202.69,121.56,124.33,127.91,False
2026,아에로멕시코(AMX),114414.0,436.0,98961.0,3928.0,0.8649,226.97,-27.45,-35.22,-31.54,False
2022,아틀라스화물항공(GTI),0.0,4965.0,0.0,64300.0,0.0,0.0,,,,False
2023,아틀라스화물항공(GTI),378.0,3812.0,262.0,40345.0,0.6931,0.07,inf,-23.22,inf,False
2024,아틀라스화물항공(GTI),756.0,4294.0,634.0,40144.0,0.8386,0.15,141.98,12.64,100.0,False
2025,아틀라스화물항공(GTI),0.0,5415.0,0.0,55059.0,0.0,0.0,-100.0,26.11,-100.0,False
2026,아틀라스화물항공(GTI),189.0,2966.0,65.0,38745.0,0.3439,0.02,inf,-45.23,inf,False
2022,안토노프항공(ADB),0.0,7.0,0.0,297.0,0.0,0.0,,,,False
2023,안토노프항공(ADB),0.0,4.0,0.0,154.0,0.0,0.0,,-42.86,,False
2024,안토노프항공(ADB),0.0,2.0,0.0,83.0,0.0,0.0,,-50.0,,False
2025,안토노프항공(ADB),0.0,3.0,0.0,125.0,0.0,0.0,,50.0,,False
2025,알래스카항공(ASA),36638.0,123.0,29968.0,1707.0,0.8179,243.64,,,,False
2026,알래스카항공(ASA),118200.0,394.0,98190.0,6266.0,0.8307,249.21,227.65,220.33,222.62,False
2023,애틀란타(ABD),0.0,12.0,0.0,566.0,0.0,0.0,,,,False
2022,에미레이트항공(UAE),322206.0,756.0,271288.0,17439.0,0.842,358.85,,,,False
2023,에미레이트항공(UAE),367755.0,731.0,335300.0,14783.0,0.9117,458.69,23.6,-3.31,14.14,False
2024,에미레이트항공(UAE),474198.0,1004.0,383384.0,19864.0,0.8085,381.86,14.34,37.35,28.94,False
2025,에미레이트항공(UAE),488159.0,1043.0,391838.0,20671.0,0.8027,375.68,2.21,3.88,2.94,False
2026,에미레이트항공(UAE),257814.0,572.0,185882.0,11536.0,0.721,324.97,-52.56,-45.16,-47.19,False
2022,에바항공(장영항공)(EVA),153333.0,1298.0,56223.0,16826.0,0.3667,43.32,,,,False
2023,에바항공(장영항공)(EVA),588938.0,2156.0,454995.0,17855.0,0.7726,211.04,709.27,66.1,284.09,False
2024,에바항공(장영항공)(EVA),614478.0,2450.0,534951.0,20087.0,0.8706,218.35,17.57,13.64,4.34,False
2025,에바항공(장영항공)(EVA),716094.0,2980.0,632694.0,22852.0,0.8835,212.31,18.27,21.63,16.54,False
2026,에바항공(장영항공)(EVA),591078.0,2506.0,538159.0,17128.0,0.9105,214.75,-14.94,-15.91,-17.46,False
2023,에어로 몽골리아(MNG),23287.0,165.0,11311.0,209.0,0.4857,68.55,,,,False
2024,에어로 몽골리아(MNG),71115.0,501.0,48550.0,890.0,0.6827,96.91,329.23,203.64,205.38,False
2025,에어로 몽골리아(MNG),65248.0,460.0,47166.0,959.0,0.7229,102.53,-2.85,-8.18,-8.25,False
2026,에어로 몽골리아(MNG),46644.0,328.0,36915.0,702.0,0.7914,112.55,-21.73,-28.7,-28.51,False
2022,에어로로직(BOX),0.0,1720.0,0.0,22328.0,0.0,0.0,,,,False
2023,에어로로직(BOX),0.0,919.0,0.0,21229.0,0.0,0.0,,-46.57,,False
2024,에어로로직(BOX),0.0,1012.0,0.0,29460.0,0.0,0.0,,10.12,,False
2025,에어로로직(BOX),0.0,816.0,0.0,28304.0,0.0,0.0,,-19.37,,False
2026,에어로로직(BOX),0.0,448.0,0.0,16063.0,0.0,0.0,,-45.1,,False
2022,에어로케이(EOK),383760.0,2132.0,364387.0,2207.0,0.9495,170.91,,,,True
2023,에어로케이(EOK),684000.0,3800.0,571544.0,3664.0,0.8356,150.41,56.85,78.24,78.24,True
2024,에어로케이(EOK),1423260.0,7909.0,1188888.0,8471.0,0.8353,150.32,108.01,108.13,108.08,True
2025,에어로케이(EOK),2209500.0,12282.0,1671171.0,13288.0,0.7564,136.07,40.57,55.29,55.24,True
2026,에어로케이(EOK),1759320.0,9774.0,1329445.0,11585.0,0.7557,136.02,-20.45,-20.42,-20.37,True
2023,에어마카오(AMU),96654.0,552.0,69653.0,980.0,0.7206,126.18,,,,False
2024,에어마카오(AMU),217184.0,1281.0,161579.0,2585.0,0.744,126.14,131.98,132.07,124.7,False
2025,에어마카오(AMU),232590.0,1370.0,178978.0,2934.0,0.7695,130.64,10.77,6.95,7.09,False
2026,에어마카오(AMU),148746.0,801.0,118031.0,2339.0,0.7935,147.35,-34.05,-41.53,-36.05,False
2022,에어부산(ABL),6610202.0,32119.0,5597691.0,30446.0,0.8468,174.28,,,,True
2023,에어부산(ABL),8533644.0,41834.0,7486684.0,54841.0,0.8773,178.96,33.75,30.25,29.1,True
2024,에어부산(ABL),9116576.0,44001.0,8102905.0,62428.0,0.8888,184.15,8.23,5.18,6.83,True
2025,에어부산(ABL),7927915.0,38508.0,6771451.0,54279.0,0.8541,175.85,-16.43,-12.48,-13.04,True
2026,에어부산(ABL),5909101.0,28603.0,5108758.0,39771.0,0.8646,178.61,-24.55,-25.72,-25.46,True
2022,에어브리지화물항공(ABW),0.0,164.0,0.0,7706.0,0.0,0.0,,,,False
2022,에어서울(ASV),2060010.0,9825.0,1896835.0,8816.0,0.9208,193.06,,,,True
2023,에어서울(ASV),2463500.0,11819.0,2256390.0,17205.0,0.9159,190.91,18.96,20.3,19.59,True
2024,에어서울(ASV),2484270.0,11918.0,2279554.0,18854.0,0.9176,191.27,1.03,0.84,0.84,True
2025,에어서울(ASV),2404100.0,11555.0,2155414.0,17603.0,0.8966,186.54,-5.45,-3.05,-3.23,True
2026,에어서울(ASV),1610765.0,7755.0,1441498.0,12545.0,0.8949,185.88,-33.12,-32.89,-33.0,True
2022,에어아스타나항공(KZR),95136.0,444.0,76488.0,2622.0,0.804,172.27,,,,False
2023,에어아스타나항공(KZR),130512.0,642.0,105011.0,3104.0,0.8046,163.57,37.29,44.59,37.18,False
2024,에어아스타나항공(KZR),147330.0,744.0,113354.0,3502.0,0.7694,152.36,7.94,15.89,12.89,False
2025,에어아스타나항공(KZR),181518.0,906.0,137807.0,4327.0,0.7592,152.1,21.57,21.77,23.21,False
2026,에어아스타나항공(KZR),139066.0,694.0,109150.0,3218.0,0.7849,157.28,-20.8,-23.4,-23.39,False
2024,에어아시아(AXM),107322.0,578.0,82373.0,596.0,0.7675,142.51,,,,False
2025,에어아시아(AXM),133734.0,719.0,94521.0,773.0,0.7068,131.46,14.75,24.39,24.61,False
2026,에어아시아(AXM),79608.0,428.0,55907.0,528.0,0.7023,130.62,-40.85,-40.47,-40.47,False
2022,에어아시아엑스(XAX),94587.0,332.0,66387.0,5286.0,0.7019,199.96,,,,False
2023,에어아시아엑스(XAX),478890.0,1318.0,354821.0,11220.0,0.7409,269.21,434.47,296.99,406.3,False
2024,에어아시아엑스(XAX),437374.0,1182.0,348111.0,11566.0,0.7959,294.51,-1.89,-10.32,-8.67,False
2025,에어아시아엑스(XAX),393234.0,1058.0,318255.0,11942.0,0.8093,300.81,-8.58,-10.49,-10.09,False
2026,에어아시아엑스(XAX),207226.0,562.0,165915.0,6307.0,0.8006,295.22,-47.87,-46.88,-47.3,False
2022,에어인디아 리미티드(AIC),53760.0,210.0,44324.0,2235.0,0.8245,211.07,,,,False
2023,에어인디아 리미티드(AIC),95744.0,376.0,72966.0,4233.0,0.7621,194.06,64.62,79.05,78.1,False
2024,에어인디아 리미티드(AIC),105984.0,414.0,86209.0,5478.0,0.8134,208.23,18.15,10.11,10.7,False
2025,에어인디아 리미티드(AIC),112640.0,442.0,89744.0,6042.0,0.7967,203.04,4.1,6.76,6.28,False
2026,에어인디아 리미티드(AIC),99904.0,388.0,77264.0,5954.0,0.7734,199.13,-13.91,-12.22,-11.31,False
2024,에어재팬(AJX),188892.0,584.0,124925.0,3570.0,0.6614,213.91,,,,False
2025,에어재팬(AJX),243000.0,750.0,192337.0,5509.0,0.7915,256.45,53.96,28.42,28.64,False
2026,에어재팬(AJX),58320.0,180.0,50600.0,1375.0,0.8676,281.11,-73.69,-76.0,-76.0,False
2022,에어제타(AIH),0.0,3337.0,0.0,37783.0,0.0,0.0,,,,False
2023,에어제타(AIH),0.0,3556.0,0.0,39323.0,0.0,0.0,,6.56,,False
2024,에어제타(AIH),0.0,3384.0,0.0,39929.0,0.0,0.0,,-4.84,,False
2025,에어제타(AIH),0.0,6470.0,0.0,222588.0,0.0,0.0,,91.19,,False
2026,에어제타(AIH),0.0,6605.0,0.0,299422.0,0.0,0.0,,2.09,,False
2022,에어캐나다(ACA),305896.0,1347.0,259100.0,19170.0,0.847,192.35,,,,False
2023,에어캐나다(ACA),406990.0,1368.0,395923.0,24118.0,0.9728,289.42,52.81,1.56,33.05,False
2024,에어캐나다(ACA),506334.0,1594.0,488353.0,25913.0,0.9645,306.37,23.35,16.52,24.41,False
2025,에어캐나다(ACA),439926.0,1493.0,409340.0,20429.0,0.9305,274.17,-16.18,-6.34,-13.12,False
2026,에어캐나다(ACA),301978.0,1014.0,284580.0,14858.0,0.9424,280.65,-30.48,-32.08,-31.36,False
2022,에어프레미아(APZ),133076.0,680.0,98153.0,8341.0,0.7376,144.34,,,,True
2023,에어프레미아(APZ),778141.0,2432.0,671483.0,30228.0,0.8629,276.1,584.12,257.65,484.73,True
2024,에어프레미아(APZ),889531.0,2783.0,765503.0,37422.0,0.8606,275.06,14.0,14.43,14.31,True
2025,에어프레미아(APZ),1361426.0,4118.0,1088964.0,53595.0,0.7999,264.44,42.25,47.97,53.05,True
2026,에어프레미아(APZ),1140846.0,3446.0,913137.0,43768.0,0.8004,264.98,-16.15,-16.32,-16.2,True
2022,에어홍콩화물항공(AHK),0.0,624.0,0.0,22416.0,0.0,0.0,,,,False
2023,에어홍콩화물항공(AHK),0.0,610.0,0.0,24429.0,0.0,0.0,,-2.24,,False
2024,에어홍콩화물항공(AHK),0.0,614.0,0.0,26261.0,0.0,0.0,,0.66,,False
2025,에어홍콩화물항공(AHK),0.0,612.0,0.0,26173.0,0.0,0.0,,-0.33,,False
2026,에어홍콩화물항공(AHK),0.0,410.0,0.0,17805.0,0.0,0.0,,-33.01,,False
2022,에티오피안항공(ETH),147232.0,985.0,53124.0,24664.0,0.3608,53.93,,,,False
2023,에티오피안항공(ETH),257842.0,1295.0,101466.0,18427.0,0.3935,78.35,91.0,31.47,75.13,False
2024,에티오피안항공(ETH),282858.0,1548.0,117283.0,19751.0,0.4146,75.76,15.59,19.54,9.7,False
2025,에티오피안항공(ETH),302746.0,1537.0,130954.0,21143.0,0.4326,85.2,11.66,-0.71,7.03,False
2026,에티오피안항공(ETH),219301.0,1034.0,87248.0,14343.0,0.3978,84.38,-33.38,-32.73,-27.56,False
2022,에티하드항공(ETD),234427.0,728.0,173758.0,13810.0,0.7412,238.68,,,,False
2023,에티하드항공(ETD),240334.0,754.0,205526.0,13502.0,0.8552,272.58,18.28,3.57,2.52,False
2024,에티하드항공(ETD),302161.0,1012.0,240312.0,17532.0,0.7953,237.46,16.93,34.22,25.73,False
2025,에티하드항공(ETD),341965.0,1134.0,287570.0,19735.0,0.8409,253.59,19.67,12.06,13.17,False
2026,에티하드항공(ETD),169226.0,504.0,148899.0,9487.0,0.8799,295.43,-48.22,-55.56,-50.51,False
2022,엘알이스라엘화물항공(ELY),0.0,4.0,0.0,38.0,0.0,0.0,,,,False
2022,오로라항공(SHU),2560.0,20.0,1137.0,37.0,0.4441,56.85,,,,False
2022,오케이항공(OKA),0.0,12.0,0.0,34.0,0.0,0.0,,,,False
2024,오케이항공(OKA),9450.0,50.0,7269.0,67.0,0.7692,145.38,inf,316.67,inf,False
2022,외항사 계,9642655.0,73244.0,6981891.0,1054425.0,0.7241,95.32,,,,False
2023,외항사 계,27300434.0,141268.0,21117455.0,1198037.0,0.7735,149.49,202.46,92.87,183.12,False
2024,외항사 계,34468262.0,179203.0,27698844.0,1358624.0,0.8036,154.57,31.17,26.85,26.26,False
2025,외항사 계,36156220.0,189080.0,30149463.0,1458418.0,0.8339,159.45,8.85,5.51,4.9,False
2026,외항사 계,25331003.0,131302.0,21567018.0,1031023.0,0.8514,164.26,-28.47,-30.56,-29.94,False
2022,우즈베키스탄항공(UZB),105298.0,716.0,73399.0,10513.0,0.6971,102.51,,,,False
2023,우즈베키스탄항공(UZB),179304.0,804.0,139999.0,7689.0,0.7808,174.13,90.74,12.29,70.28,False
2024,우즈베키스탄항공(UZB),180614.0,726.0,158816.0,6840.0,0.8793,218.75,13.44,-9.7,0.73,False
2025,우즈베키스탄항공(UZB),179310.0,724.0,156362.0,6454.0,0.872,215.97,-1.55,-0.28,-0.72,False
2026,우즈베키스탄항공(UZB),120544.0,482.0,107600.0,4906.0,0.8926,223.24,-31.19,-33.43,-32.77,False
2022,우크라이나에어라인(UKL),4624.0,18.0,1399.0,229.0,0.3026,77.72,,,,False
2022,웨스턴글로벌항공(WGN),0.0,45.0,0.0,1.0,0.0,0.0,,,,False
2025,웨스턴글로벌항공(WGN),0.0,57.0,0.0,3116.0,0.0,0.0,,26.67,,False
2026,웨스턴글로벌항공(WGN),0.0,76.0,0.0,4378.0,0.0,0.0,,33.33,,False
2024,웨스트젯 항공(WJA),46080.0,144.0,44251.0,1899.0,0.9603,307.3,,,,False
2025,웨스트젯 항공(WJA),103040.0,322.0,98163.0,3989.0,0.9527,304.85,121.83,123.61,123.61,False
2026,웨스트젯 항공(WJA),71680.0,224.0,68015.0,2826.0,0.9489,303.64,-30.71,-30.43,-30.43,False
2022,유나이티드항공(UAL),182093.0,749.0,150289.0,13485.0,0.8253,200.65,,,,False
2023,유나이티드항공(UAL),284049.0,1080.0,259876.0,18479.0,0.9149,240.63,72.92,44.19,55.99,False
2024,유나이티드항공(UAL),339223.0,1274.0,287160.0,19904.0,0.8465,225.4,10.5,17.96,19.42,False
2025,유나이티드항공(UAL),373592.0,1444.0,330122.0,24609.0,0.8836,228.62,14.96,13.34,10.13,False
2026,유나이티드항공(UAL),245178.0,954.0,221807.0,16808.0,0.9047,232.5,-32.81,-33.93,-34.37,False
2022,유피에스화물항공(UPS),0.0,5053.0,0.0,60222.0,0.0,0.0,,,,False
2023,유피에스화물항공(UPS),0.0,2808.0,0.0,47342.0,0.0,0.0,,-44.43,,False
2024,유피에스화물항공(UPS),0.0,2872.0,0.0,47332.0,0.0,0.0,,2.28,,False
2025,유피에스화물항공(UPS),0.0,3029.0,0.0,46916.0,0.0,0.0,,5.47,,False
2026,유피에스화물항공(UPS),0.0,2018.0,0.0,31691.0,0.0,0.0,,-33.38,,False
2023,이스타항공(ESR),2153844.0,11401.0,2008793.0,9710.0,0.9327,176.19,,,,True
2024,이스타항공(ESR),5040639.0,26723.0,4541639.0,28125.0,0.901,169.95,126.09,134.39,134.03,True
2025,이스타항공(ESR),6329790.0,33600.0,5673958.0,40579.0,0.8964,168.87,24.93,25.73,25.58,True
2026,이스타항공(ESR),5063589.0,26837.0,4685266.0,38131.0,0.9253,174.58,-17.43,-20.13,-20.0,True
2022,이지니스항공(EZA),0.0,8.0,0.0,114.0,0.0,0.0,,,,False
2023,이지니스항공(EZA),0.0,5.0,0.0,65.0,0.0,0.0,,-37.5,,False
2022,인트라아시아 항공(TMG),0.0,2.0,0.0,5.0,0.0,0.0,,,,False
2023,인트라아시아 항공(TMG),0.0,4.0,0.0,11.0,0.0,0.0,,100.0,,False
2024,인트라아시아 항공(TMG),0.0,4.0,0.0,7.0,0.0,0.0,,0.0,,False
2025,인트라아시아 항공(TMG),0.0,1.0,0.0,2.0,0.0,0.0,,-75.0,,False
2022,일본항공(JAL),105656.0,462.0,71632.0,2004.0,0.678,155.05,,,,False
2023,일본항공(JAL),423884.0,2191.0,362370.0,7722.0,0.8549,165.39,405.88,374.24,301.19,False
2024,일본항공(JAL),477249.0,2630.0,426973.0,19254.0,0.8947,162.35,17.83,20.04,12.59,False
2025,일본항공(JAL),483150.0,2752.0,429353.0,23971.0,0.8887,156.01,0.56,4.64,1.24,False
2026,일본항공(JAL),298934.0,1832.0,263114.0,15769.0,0.8802,143.62,-38.72,-33.43,-38.13,False
2024,장시항공(CJX),5152.0,28.0,3939.0,28.0,0.7646,140.68,,,,False
2024,장쑤징동화물항공(JDL),0.0,222.0,0.0,1888.0,0.0,0.0,,,,False
2025,장쑤징동화물항공(JDL),0.0,1042.0,0.0,10698.0,0.0,0.0,,369.37,,False
2026,장쑤징동화물항공(JDL),0.0,680.0,0.0,7110.0,0.0,0.0,,-34.74,,False
2022,전일본항공(ANA),74924.0,1040.0,61324.0,17965.0,0.8185,58.97,,,,False
2023,전일본항공(ANA),386357.0,2630.0,337289.0,21764.0,0.873,128.25,450.01,152.88,415.67,False
2024,전일본항공(ANA),452934.0,2708.0,397082.0,23553.0,0.8767,146.63,17.73,2.97,17.23,False
2025,전일본항공(ANA),470912.0,2800.0,423114.0,25274.0,0.8985,151.11,6.56,3.4,3.97,False
2026,전일본항공(ANA),326482.0,1854.0,298185.0,18557.0,0.9133,160.83,-29.53,-33.79,-30.67,False
2022,전체 합계,68293326.0,399207.0,55828355.0,3549792.0,0.8175,139.85,,,,False
2023,전체 합계,119678137.0,602363.0,100508691.0,3953921.0,0.8398,166.86,80.03,50.89,75.24,False
2024,전체 합계,140930829.0,705869.0,120058371.0,4395306.0,0.8519,170.09,19.45,17.18,17.76,False
2025,전체 합계,146943765.0,730871.0,124793082.0,4468752.0,0.8493,170.75,3.94,3.54,4.27,False
2026,전체 합계,100886725.0,503276.0,88003828.0,3114363.0,0.8723,174.86,-29.48,-31.14,-31.34,False
2022,제주항공(JJA),8840343.0,47781.0,7946106.0,51769.0,0.8988,166.3,,,,True
2023,제주항공(JJA),13698780.0,74122.0,12309005.0,119969.0,0.8985,166.06,54.91,55.13,54.96,True
2024,제주항공(JJA),14838465.0,80648.0,13352539.0,135510.0,0.8999,165.57,8.48,8.8,8.32,True
2025,제주항공(JJA),14117409.0,75359.0,12231670.0,104927.0,0.8664,162.31,-8.39,-6.56,-4.86,True
2026,제주항공(JJA),9866955.0,52537.0,8986946.0,79562.0,0.9108,171.06,-26.53,-30.28,-30.11,True
2022,제트스타(JST),17085.0,52.0,15619.0,368.0,0.9142,300.37,,,,False
2023,제트스타(JST),110215.0,329.0,95373.0,2368.0,0.8653,289.89,510.62,532.69,545.1,False
2024,제트스타(JST),232490.0,695.0,197737.0,5702.0,0.8505,284.51,107.33,111.25,110.94,False
2025,제트스타(JST),299825.0,895.0,262984.0,8562.0,0.8771,293.84,33.0,28.78,28.96,False
2026,제트스타(JST),223780.0,668.0,198735.0,6564.0,0.8881,297.51,-24.43,-25.36,-25.36,False
2022,젯스타퍼시픽항공(PIC),10788.0,64.0,8899.0,141.0,0.8249,139.05,,,,True
2023,젯스타퍼시픽항공(PIC),74586.0,401.0,59559.0,801.0,0.7985,148.53,569.28,526.56,591.38,True
2024,젯스타퍼시픽항공(PIC),22506.0,121.0,20067.0,281.0,0.8916,165.84,-66.31,-69.83,-69.83,True
2022,중국국제항공(CCA),43923.0,186.0,26807.0,1049.0,0.6103,144.12,,,,False
2023,중국국제항공(CCA),817288.0,4618.0,489589.0,8427.0,0.599,106.02,1726.35,2382.8,1760.73,False
2024,중국국제항공(CCA),1369247.0,7550.0,1022572.0,18637.0,0.7468,135.44,108.86,63.49,67.54,False
2025,중국국제항공(CCA),1443173.0,8098.0,1150100.0,18404.0,0.7969,142.02,12.47,7.26,5.4,False
2026,중국국제항공(CCA),1203865.0,6194.0,1057649.0,23520.0,0.8785,170.75,-8.04,-23.51,-16.58,False
2022,중국길상항공(준야오항공)(DKH),10836.0,42.0,4913.0,130.0,0.4534,116.98,,,,False
2023,중국길상항공(준야오항공)(DKH),198894.0,1146.0,141640.0,1673.0,0.7121,123.6,2782.96,2628.57,1735.49,False
2024,중국길상항공(준야오항공)(DKH),319628.0,1788.0,249234.0,2535.0,0.7798,139.39,75.96,56.02,60.7,False
2025,중국길상항공(준야오항공)(DKH),371078.0,2016.0,305403.0,3135.0,0.823,151.49,22.54,12.75,16.1,False
2026,중국길상항공(준야오항공)(DKH),303052.0,1728.0,259526.0,2708.0,0.8564,150.19,-15.02,-14.29,-18.33,False
2022,중국남방항공(CSN),53250.0,474.0,30058.0,2456.0,0.5645,63.41,,,,False
2023,중국남방항공(CSN),1325620.0,7200.0,933457.0,18670.0,0.7042,129.65,3005.52,1418.99,2389.43,False
2024,중국남방항공(CSN),2137142.0,12230.0,1642955.0,30072.0,0.7688,134.34,76.01,69.86,61.22,False
2025,중국남방항공(CSN),2107058.0,11906.0,1777532.0,31681.0,0.8436,149.3,8.19,-2.65,-1.41,False
2026,중국남방항공(CSN),1791308.0,9348.0,1498859.0,33141.0,0.8367,160.34,-15.68,-21.48,-14.99,False
2022,중국동방항공(CES),55994.0,1220.0,36847.0,14445.0,0.6581,30.2,,,,False
2023,중국동방항공(CES),1661634.0,9025.0,1089053.0,28304.0,0.6554,120.67,2855.61,639.75,2867.52,False
2024,중국동방항공(CES),2867934.0,16456.0,2190478.0,49085.0,0.7638,133.11,101.14,82.34,72.6,False
2025,중국동방항공(CES),3120290.0,17301.0,2612704.0,58028.0,0.8373,151.01,19.28,5.13,8.8,False
2026,중국동방항공(CES),2318259.0,12232.0,2051278.0,44365.0,0.8848,167.7,-21.49,-29.3,-25.7,False
2024,중국동하이항공(EPA),7160.0,42.0,3150.0,28.0,0.4399,75.0,,,,False
2022,중국순풍항공(CSS),0.0,158.0,0.0,2199.0,0.0,0.0,,,,False
2023,중국순풍항공(CSS),0.0,48.0,0.0,902.0,0.0,0.0,,-69.62,,False
2024,중국순풍항공(CSS),0.0,163.0,0.0,1577.0,0.0,0.0,,239.58,,False
2025,중국순풍항공(CSS),0.0,927.0,0.0,12083.0,0.0,0.0,,468.71,,False
2026,중국순풍항공(CSS),0.0,661.0,0.0,9217.0,0.0,0.0,,-28.69,,False
2022,중국심천항공(CSZ),24438.0,106.0,17580.0,596.0,0.7194,165.85,,,,False
2023,중국심천항공(CSZ),159130.0,950.0,110631.0,2685.0,0.6952,116.45,529.3,796.23,551.16,False
2024,중국심천항공(CSZ),273148.0,1670.0,215112.0,3593.0,0.7875,128.81,94.44,75.79,71.65,False
2025,중국심천항공(CSZ),358662.0,2208.0,292499.0,4396.0,0.8155,132.47,35.98,32.22,31.31,False
2026,중국심천항공(CSZ),249256.0,1510.0,215988.0,3166.0,0.8665,143.04,-26.16,-31.61,-30.5,False
2024,중국연합항공(CUA),39060.0,211.0,24415.0,250.0,0.6251,115.71,,,,False
2025,중국연합항공(CUA),19530.0,106.0,15540.0,172.0,0.7957,146.6,-36.35,-49.76,-50.0,False
2026,중국연합항공(CUA),28458.0,153.0,22508.0,245.0,0.7909,147.11,44.84,44.34,45.71,False
2022,중국우정항공(CYZ),0.0,598.0,0.0,5108.0,0.0,0.0,,,,False
2023,중국우정항공(CYZ),0.0,504.0,0.0,3218.0,0.0,0.0,,-15.72,,False
2024,중국우정항공(CYZ),0.0,516.0,0.0,4581.0,0.0,0.0,,2.38,,False
2025,중국우정항공(CYZ),0.0,556.0,0.0,5735.0,0.0,0.0,,7.75,,False
2026,중국우정항공(CYZ),0.0,378.0,0.0,4261.0,0.0,0.0,,-32.01,,False
2022,중국하문항공(CXA),41536.0,218.0,25705.0,965.0,0.6189,117.91,,,,False
2023,중국하문항공(CXA),108824.0,618.0,87127.0,1936.0,0.8006,140.98,238.95,183.49,162.0,False
2024,중국하문항공(CXA),237706.0,1482.0,163839.0,2768.0,0.6893,110.55,88.05,139.81,118.43,False
2025,중국하문항공(CXA),231328.0,1372.0,182858.0,3183.0,0.7905,133.28,11.61,-7.42,-2.68,False
2026,중국하문항공(CXA),168890.0,968.0,153195.0,2586.0,0.9071,158.26,-16.22,-29.45,-26.99,False
2022,중국화물항공(CKK),0.0,538.0,0.0,35332.0,0.0,0.0,,,,False
2023,중국화물항공(CKK),0.0,482.0,0.0,30858.0,0.0,0.0,,-10.41,,False
2024,중국화물항공(CKK),0.0,272.0,0.0,18563.0,0.0,0.0,,-43.57,,False
2025,중국화물항공(CKK),0.0,338.0,0.0,20893.0,0.0,0.0,,24.26,,False
2026,중국화물항공(CKK),0.0,188.0,0.0,12120.0,0.0,0.0,,-44.38,,False
2022,중화항공(CAL),198581.0,1730.0,73660.0,23851.0,0.3709,42.58,,,,False
2023,중화항공(CAL),746007.0,3103.0,592149.0,21991.0,0.7938,190.83,703.89,79.36,275.67,False
2024,중화항공(CAL),931256.0,4200.0,782637.0,23994.0,0.8404,186.34,32.17,35.35,24.83,False
2025,중화항공(CAL),1034092.0,4343.0,887866.0,27006.0,0.8586,204.44,13.45,3.4,11.04,False
2026,중화항공(CAL),624002.0,2848.0,557241.0,15645.0,0.893,195.66,-37.24,-34.42,-39.66,False
2022,진에어(JNA),8480866.0,43963.0,7043526.0,42459.0,0.8305,160.21,,,,True
2023,진에어(JNA),11158318.0,54043.0,9826824.0,87324.0,0.8807,181.83,39.52,22.93,31.57,True
2024,진에어(JNA),12548209.0,60555.0,11034665.0,106152.0,0.8794,182.23,12.29,12.05,12.46,True
2025,진에어(JNA),13056136.0,62998.0,11242913.0,101007.0,0.8611,178.46,1.89,4.03,4.05,True
2026,진에어(JNA),8497032.0,41959.0,7434598.0,70666.0,0.875,177.19,-33.87,-33.4,-34.92,True
2022,집에어 도쿄(TZP),170230.0,680.0,85692.0,7203.0,0.5034,126.02,,,,True
2023,집에어 도쿄(TZP),251926.0,869.0,183725.0,8702.0,0.7293,211.42,114.4,27.79,47.99,True
2024,집에어 도쿄(TZP),211700.0,730.0,176637.0,6688.0,0.8344,241.97,-3.86,-16.0,-15.97,True
2025,집에어 도쿄(TZP),211990.0,732.0,182667.0,6890.0,0.8617,249.55,3.41,0.27,0.14,True
2026,집에어 도쿄(TZP),179800.0,620.0,160187.0,4984.0,0.8909,258.37,-12.31,-15.3,-15.18,True
2023,차이나 웨스트 에어(CHB),5928.0,32.0,1869.0,17.0,0.3153,58.41,,,,False
2024,차이나 웨스트 에어(CHB),29964.0,162.0,21716.0,195.0,0.7247,134.05,1061.9,406.25,405.47,False
2026,차이나 웨스트 에어(CHB),13548.0,74.0,12838.0,124.0,0.9476,173.49,-40.88,-54.32,-54.79,False
2023,천진항공(GCR),83808.0,460.0,50235.0,664.0,0.5994,109.21,,,,False
2024,천진항공(GCR),104458.0,616.0,67876.0,867.0,0.6498,110.19,35.12,33.91,24.64,False
2025,천진항공(GCR),49696.0,406.0,43438.0,517.0,0.8741,106.99,-36.0,-34.09,-52.42,False
2026,천진항공(GCR),50334.0,398.0,43356.0,515.0,0.8614,108.93,-0.19,-1.97,1.28,False
2022,춘추항공(CQH),32432.0,150.0,21459.0,500.0,0.6617,143.06,,,,True
2023,춘추항공(CQH),477218.0,2565.0,376669.0,3373.0,0.7893,146.85,1655.3,1610.0,1371.44,True
2024,춘추항공(CQH),1081048.0,5830.0,921355.0,7687.0,0.8523,158.04,144.61,127.29,126.53,True
2025,춘추항공(CQH),1278684.0,6888.0,1171135.0,9393.0,0.9159,170.03,27.11,18.15,18.28,True
2026,춘추항공(CQH),1047464.0,5652.0,958276.0,7858.0,0.9149,169.55,-18.18,-17.94,-18.08,True
2022,칭다오항공(QDA),24300.0,135.0,15474.0,448.0,0.6368,114.62,,,,False
2023,칭다오항공(QDA),90184.0,546.0,49558.0,739.0,0.5495,90.77,220.27,304.44,271.13,False
2024,칭다오항공(QDA),147574.0,870.0,102961.0,1516.0,0.6977,118.35,107.76,59.34,63.64,False
2025,칭다오항공(QDA),154564.0,900.0,120418.0,1770.0,0.7791,133.8,16.95,3.45,4.74,False
2026,칭다오항공(QDA),126444.0,714.0,108448.0,1579.0,0.8577,151.89,-9.94,-20.67,-18.19,False
2022,카고룩스 이탈리아(ICV),0.0,270.0,0.0,12076.0,0.0,0.0,,,,False
2023,카고룩스 이탈리아(ICV),0.0,275.0,0.0,11161.0,0.0,0.0,,1.85,,False
2024,카고룩스 이탈리아(ICV),0.0,304.0,0.0,14913.0,0.0,0.0,,10.55,,False
2025,카고룩스 이탈리아(ICV),0.0,315.0,0.0,15417.0,0.0,0.0,,3.62,,False
2026,카고룩스 이탈리아(ICV),0.0,258.0,0.0,13521.0,0.0,0.0,,-18.1,,False
2022,카고룩스화물항공(CLX),0.0,337.0,0.0,22464.0,0.0,0.0,,,,False
2023,카고룩스화물항공(CLX),0.0,311.0,0.0,18730.0,0.0,0.0,,-7.72,,False
2024,카고룩스화물항공(CLX),0.0,312.0,0.0,17244.0,0.0,0.0,,0.32,,False
2025,카고룩스화물항공(CLX),0.0,302.0,0.0,19170.0,0.0,0.0,,-3.21,,False
2026,카고룩스화물항공(CLX),0.0,204.0,0.0,12996.0,0.0,0.0,,-32.45,,False
2024,카놋샤크항공(QNT),23028.0,114.0,13103.0,363.0,0.569,114.94,,,,False
2025,카놋샤크항공(QNT),80266.0,332.0,44611.0,1936.0,0.5558,134.37,240.46,191.23,248.56,False
2026,카놋샤크항공(QNT),53858.0,232.0,42339.0,1865.0,0.7861,182.5,-5.09,-30.12,-32.9,False
2022,카타르항공(QTR),284464.0,1148.0,228815.0,55556.0,0.8044,199.32,,,,False
2023,카타르항공(QTR),287862.0,1133.0,263969.0,47271.0,0.917,232.98,15.36,-1.31,1.19,False
2024,카타르항공(QTR),310310.0,1214.0,276194.0,46155.0,0.8901,227.51,4.63,7.15,7.8,False
2025,카타르항공(QTR),313885.0,1219.0,283791.0,45955.0,0.9041,232.81,2.75,0.41,1.15,False
2026,카타르항공(QTR),160066.0,702.0,134333.0,24091.0,0.8392,191.36,-52.66,-42.41,-49.0,False
2022,칼리타화물항공(CKS),0.0,3855.0,0.0,31004.0,0.0,0.0,,,,False
2023,칼리타화물항공(CKS),0.0,1345.0,0.0,17372.0,0.0,0.0,,-65.11,,False
2024,칼리타화물항공(CKS),0.0,2110.0,0.0,35086.0,0.0,0.0,,56.88,,False
2025,칼리타화물항공(CKS),0.0,2548.0,0.0,41484.0,0.0,0.0,,20.76,,False
2026,칼리타화물항공(CKS),0.0,1717.0,0.0,37857.0,0.0,0.0,,-32.61,,False
2022,캄보디아앙코르항공(KHV),0.0,8.0,0.0,29.0,0.0,0.0,,,,False
2022,캐세이퍼시픽항공(CPA),116781.0,882.0,83975.0,17073.0,0.7191,95.21,,,,False
2023,캐세이퍼시픽항공(CPA),791536.0,2787.0,654617.0,31695.0,0.827,234.88,679.54,215.99,577.8,False
2024,캐세이퍼시픽항공(CPA),854007.0,3020.0,694904.0,35016.0,0.8137,230.1,6.15,8.36,7.89,False
2025,캐세이퍼시픽항공(CPA),863343.0,3102.0,780630.0,35938.0,0.9042,251.65,12.34,2.72,1.09,False
2026,캐세이퍼시픽항공(CPA),627521.0,2384.0,545139.0,24349.0,0.8687,228.67,-30.17,-23.15,-27.31,False
2026,콘도르플루그디엔스트(CFG),310.0,1.0,153.0,4.0,0.4935,153.0,,,,False
2025,타이 비엣젯 에어(TVJ),38216.0,184.0,27412.0,374.0,0.7173,148.98,,,,False
2026,타이 비엣젯 에어(TVJ),78486.0,404.0,60826.0,940.0,0.775,150.56,121.9,119.57,105.37,False
2022,타이거에어 대만(TTW),31680.0,176.0,21373.0,308.0,0.6747,121.44,,,,False
2023,타이거에어 대만(TTW),364500.0,2025.0,301579.0,3548.0,0.8274,148.93,1311.03,1050.57,1050.57,False
2024,타이거에어 대만(TTW),450540.0,2503.0,356104.0,4066.0,0.7904,142.27,18.08,23.6,23.6,False
2025,타이거에어 대만(TTW),521640.0,2898.0,444053.0,5193.0,0.8513,153.23,24.7,15.78,15.78,False
2026,타이거에어 대만(TTW),386640.0,2148.0,357778.0,4181.0,0.9254,166.56,-19.43,-25.88,-25.88,False
2026,타이라이온항공(TLM),48590.0,226.0,24918.0,516.0,0.5128,110.26,,,,False
2026,타이에어아시아(AIQ),18228.0,98.0,11992.0,118.0,0.6579,122.37,,,,False
2022,타이에어아시아엑스(TAX),151776.0,408.0,125632.0,3096.0,0.8277,307.92,,,,False
2023,타이에어아시아엑스(TAX),392386.0,1050.0,322988.0,8445.0,0.8231,307.61,157.09,157.35,158.53,False
2024,타이에어아시아엑스(TAX),453825.0,1231.0,364732.0,9628.0,0.8037,296.29,12.92,17.24,15.66,False
2025,타이에어아시아엑스(TAX),220860.0,672.0,168080.0,6650.0,0.761,250.12,-53.92,-45.41,-51.33,False
2026,타이에어아시아엑스(TAX),90330.0,266.0,67165.0,2816.0,0.7436,252.5,-60.04,-60.42,-59.1,False
2022,타이항공(THA),373079.0,1264.0,263820.0,20203.0,0.7071,208.72,,,,False
2023,타이항공(THA),672068.0,2174.0,488822.0,26664.0,0.7273,224.85,85.29,71.99,80.14,False
2024,타이항공(THA),713681.0,2191.0,499253.0,30464.0,0.6995,227.87,2.13,0.78,6.19,False
2025,타이항공(THA),666719.0,2069.0,537425.0,32570.0,0.8061,259.75,7.65,-5.57,-6.58,False
2026,타이항공(THA),416762.0,1312.0,311196.0,21540.0,0.7467,237.19,-42.09,-36.59,-37.49,False
2022,터키항공(THY),278740.0,1034.0,242635.0,31330.0,0.8705,234.66,,,,False
2023,터키항공(THY),399954.0,1348.0,356212.0,36473.0,0.8906,264.25,46.81,30.37,43.49,False
2024,터키항공(THY),400652.0,1352.0,342542.0,40404.0,0.855,253.36,-3.84,0.3,0.17,False
2025,터키항공(THY),398202.0,1346.0,350839.0,40715.0,0.8811,260.65,2.42,-0.44,-0.61,False
2026,터키항공(THY),266005.0,905.0,244736.0,27762.0,0.92,270.43,-30.24,-32.76,-33.2,False
2022,톈진화물항공(CTJ),0.0,844.0,0.0,6665.0,0.0,0.0,,,,False
2023,톈진화물항공(CTJ),0.0,230.0,0.0,1060.0,0.0,0.0,,-72.75,,False
2024,톈진화물항공(CTJ),0.0,446.0,0.0,3258.0,0.0,0.0,,93.91,,False
2025,톈진화물항공(CTJ),0.0,590.0,0.0,5207.0,0.0,0.0,,32.29,,False
2026,톈진화물항공(CTJ),0.0,24.0,0.0,230.0,0.0,0.0,,-95.93,,False
2023,투르크메니스탄 항공(TUA),0.0,62.0,0.0,1701.0,0.0,0.0,,,,False
2024,투르크메니스탄 항공(TUA),0.0,100.0,0.0,3050.0,0.0,0.0,,61.29,,False
2025,투르크메니스탄 항공(TUA),17322.0,124.0,5842.0,2556.0,0.3373,47.11,inf,24.0,inf,False
2026,투르크메니스탄 항공(TUA),23296.0,132.0,9158.0,2724.0,0.3931,69.38,56.76,6.45,34.49,False
2022,트리니티항공(TWB),6957096.0,34494.0,6116021.0,39725.0,0.8791,177.31,,,,False
2023,트리니티항공(TWB),10920319.0,55031.0,9915662.0,88738.0,0.908,180.18,62.13,59.54,56.97,False
2024,트리니티항공(TWB),11616899.0,58565.0,10465070.0,102262.0,0.9008,178.69,5.54,6.42,6.38,False
2025,트리니티항공(TWB),12672661.0,62028.0,11099337.0,127790.0,0.8758,178.94,6.06,5.91,9.09,False
2026,트리니티항공(TWB),8504993.0,41941.0,7600114.0,89999.0,0.8936,181.21,-31.53,-32.38,-32.89,False
2025,파라타항공(PTA),193454.0,846.0,152181.0,1900.0,0.7867,179.88,,,,False
2026,파라타항공(PTA),869520.0,4065.0,767830.0,13005.0,0.8831,188.89,404.55,380.5,349.47,False
2022,페덱스화물항공(FDX),0.0,3303.0,0.0,71046.0,0.0,0.0,,,,False
2023,페덱스화물항공(FDX),0.0,3214.0,0.0,66356.0,0.0,0.0,,-2.69,,False
2024,페덱스화물항공(FDX),0.0,3613.0,0.0,70479.0,0.0,0.0,,12.41,,False
2025,페덱스화물항공(FDX),0.0,3947.0,0.0,86828.0,0.0,0.0,,9.24,,False
2026,페덱스화물항공(FDX),0.0,2905.0,0.0,61914.0,0.0,0.0,,-26.4,,False
2022,폴라에어카고(PAC),0.0,3433.0,0.0,112481.0,0.0,0.0,,,,False
2023,폴라에어카고(PAC),0.0,2998.0,0.0,101252.0,0.0,0.0,,-12.67,,False
2024,폴라에어카고(PAC),0.0,1507.0,0.0,52100.0,0.0,0.0,,-49.73,,False
2025,폴라에어카고(PAC),0.0,590.0,0.0,18639.0,0.0,0.0,,-60.85,,False
2026,폴라에어카고(PAC),0.0,338.0,0.0,7888.0,0.0,0.0,,-42.71,,False
2022,폴란드항공(LOT),173796.0,662.0,143095.0,9698.0,0.8234,216.16,,,,False
2023,폴란드항공(LOT),240366.0,855.0,208716.0,10988.0,0.8683,244.11,45.86,29.15,38.3,False
2024,폴란드항공(LOT),241374.0,871.0,190478.0,9952.0,0.7891,218.69,-8.74,1.87,0.42,False
2025,폴란드항공(LOT),198744.0,702.0,160224.0,8736.0,0.8062,228.24,-15.88,-19.4,-17.66,False
2026,폴란드항공(LOT),125160.0,454.0,107603.0,5763.0,0.8597,237.01,-32.84,-35.33,-37.02,False
2022,프랑스항공(AFR),164068.0,434.0,124094.0,9144.0,0.7564,285.93,,,,False
2023,프랑스항공(AFR),249344.0,670.0,212727.0,12033.0,0.8531,317.5,71.42,54.38,51.98,False
2024,프랑스항공(AFR),263174.0,702.0,217611.0,13178.0,0.8269,309.99,2.3,4.78,5.55,False
2025,프랑스항공(AFR),221314.0,706.0,190636.0,11393.0,0.8614,270.02,-12.4,0.57,-15.91,False
2026,프랑스항공(AFR),140292.0,457.0,123911.0,7346.0,0.8832,271.14,-35.0,-35.27,-36.61,False
2022,플라이강원(FGW),524652.0,2791.0,366280.0,2103.0,0.6981,131.24,,,,False
2023,플라이강원(FGW),241905.0,1183.0,153709.0,1379.0,0.6354,129.93,-58.04,-57.61,-53.89,False
2022,피치항공(APJ),87120.0,484.0,62142.0,546.0,0.7133,128.39,,,,True
2023,피치항공(APJ),535976.0,2856.0,470912.0,3837.0,0.8786,164.89,657.8,490.08,515.22,True
2024,피치항공(APJ),663880.0,3657.0,593358.0,4818.0,0.8938,162.25,26.0,28.05,23.86,True
2025,피치항공(APJ),992120.0,5313.0,837903.0,7485.0,0.8446,157.71,41.21,45.28,49.44,True
2026,피치항공(APJ),982700.0,5272.0,809338.0,7031.0,0.8236,153.52,-3.41,-0.77,-0.95,True
2022,핀란드항공(FIN),123152.0,438.0,78367.0,9912.0,0.6363,178.92,,,,False
2023,핀란드항공(FIN),238198.0,716.0,192020.0,15180.0,0.8061,268.18,145.03,63.47,93.42,False
2024,핀란드항공(FIN),233214.0,708.0,185247.0,15427.0,0.7943,261.65,-3.53,-1.12,-2.09,False
2025,핀란드항공(FIN),228889.0,702.0,174669.0,15028.0,0.7631,248.82,-5.71,-0.85,-1.85,False
2026,핀란드항공(FIN),158590.0,486.0,130597.0,11147.0,0.8235,268.72,-25.23,-30.77,-30.71,False
2022,필리핀에어아시아(APG),77148.0,428.0,51337.0,617.0,0.6654,119.95,,,,False
2023,필리핀에어아시아(APG),314706.0,1743.0,231545.0,2506.0,0.7358,132.84,351.03,307.24,307.93,False
2024,필리핀에어아시아(APG),224952.0,1248.0,181406.0,2197.0,0.8064,145.36,-21.65,-28.4,-28.52,False
2025,필리핀에어아시아(APG),140004.0,776.0,105832.0,1560.0,0.7559,136.38,-41.66,-37.82,-37.76,False
2026,필리핀에어아시아(APG),31320.0,174.0,27087.0,423.0,0.8648,155.67,-74.41,-77.58,-77.63,False
2022,필리핀항공(PAL),231915.0,1070.0,150139.0,6401.0,0.6474,140.32,,,,False
2023,필리핀항공(PAL),824371.0,3809.0,647056.0,12535.0,0.7849,169.88,330.97,255.98,255.46,False
2024,필리핀항공(PAL),715506.0,3277.0,600612.0,11462.0,0.8394,183.28,-7.18,-13.97,-13.21,False
2025,필리핀항공(PAL),691652.0,3071.0,562114.0,11209.0,0.8127,183.04,-6.41,-6.29,-3.33,False
2026,필리핀항공(PAL),409104.0,1760.0,318099.0,7082.0,0.7776,180.74,-43.41,-42.69,-40.85,False
2022,하와이안항공(HAL),132258.0,466.0,82002.0,6424.0,0.62,175.97,,,,False
2023,하와이안항공(HAL),153768.0,525.0,128356.0,8058.0,0.8347,244.49,56.53,12.66,16.26,False
2024,하와이안항공(HAL),153148.0,522.0,122181.0,7486.0,0.7978,234.06,-4.81,-0.57,-0.4,False
2025,하와이안항공(HAL),145836.0,497.0,109556.0,6464.0,0.7512,220.43,-10.33,-4.79,-4.77,False
2022,하이난항공(CHH),7127.0,28.0,2980.0,86.0,0.4181,106.43,,,,False
2023,하이난항공(CHH),7008.0,24.0,4871.0,155.0,0.6951,202.96,63.46,-14.29,-1.67,False
2024,하이난항공(CHH),6778.0,36.0,3577.0,77.0,0.5277,99.36,-26.57,50.0,-3.28,False
2025,하이난항공(CHH),74662.0,394.0,49645.0,899.0,0.6649,126.0,1287.89,994.44,1001.53,False
2026,하이난항공(CHH),47632.0,260.0,35648.0,654.0,0.7484,137.11,-28.19,-34.01,-36.2,False
2022,하이플라이 몰타(HFM),514.0,32.0,204.0,258.0,0.3969,6.38,,,,False
2023,하이플라이 몰타(HFM),508.0,2.0,160.0,5.0,0.315,80.0,-21.57,-93.75,-1.17,False
2022,호주항공(콴타스항공)(QFA),7722.0,316.0,7229.0,1154.0,0.9362,22.88,,,,False
2023,호주항공(콴타스항공)(QFA),108576.0,424.0,92570.0,2800.0,0.8526,218.33,1180.54,34.18,1306.06,False
2024,호주항공(콴타스항공)(QFA),108904.0,370.0,93480.0,3199.0,0.8584,252.65,0.98,-12.74,0.3,False
2025,호주항공(콴타스항공)(QFA),38610.0,130.0,31370.0,955.0,0.8125,241.31,-66.44,-64.86,-64.55,False
2022,홍콩익스프레스(HKE),19552.0,104.0,16243.0,206.0,0.8308,156.18,,,,False
2023,홍콩익스프레스(HKE),435568.0,2120.0,369749.0,4044.0,0.8489,174.41,2176.36,1938.46,2127.74,False
2024,홍콩익스프레스(HKE),670648.0,3154.0,543537.0,5776.0,0.8105,172.33,47.0,48.77,53.97,False
2025,홍콩익스프레스(HKE),1089756.0,4964.0,973406.0,10527.0,0.8932,196.09,79.09,57.39,62.49,False
2026,홍콩익스프레스(HKE),953696.0,4232.0,807964.0,8434.0,0.8472,190.92,-17.0,-14.75,-12.49,False
2022,홍콩항공(CRK),34186.0,246.0,15373.0,3110.0,0.4497,62.49,,,,False
2023,홍콩항공(CRK),83444.0,424.0,69636.0,1567.0,0.8345,164.24,352.98,72.36,144.09,False
2024,홍콩항공(CRK),143932.0,660.0,114055.0,3260.0,0.7924,172.81,63.79,55.66,72.49,False
2025,홍콩항공(CRK),202296.0,980.0,172811.0,2918.0,0.8542,176.34,51.52,48.48,40.55,False
2026,홍콩항공(CRK),169224.0,844.0,147788.0,2366.0,0.8733,175.1,-14.48,-13.88,-16.35,False
2022,훈누에어(MML),2548.0,26.0,1866.0,24.0,0.7323,71.77,,,,False
2023,훈누에어(MML),7642.0,78.0,6835.0,88.0,0.8944,87.63,266.29,200.0,199.92,False
2024,훈누에어(MML),9642.0,99.0,8029.0,101.0,0.8327,81.1,17.47,26.92,26.17,False
2025,훈누에어(MML),4600.0,44.0,3902.0,46.0,0.8483,88.68,-51.4,-55.56,-52.29,False
2026,훈누에어(MML),2108.0,20.0,2052.0,24.0,0.9734,102.6,-47.41,-54.55,-54.17,False
