year,month,route,destination_airport,total_flight_count,total_paid_passenger_count,carrier_count,lcc_carrier_count,lcc_share,passengers_per_flight
2022,1,ICN-FUK,FUK,0.0,574.0,2,0,0.0,0
2022,1,ICN-KIX,KIX,0.0,1870.0,3,2,0.6667,0
2022,1,ICN-NGO,NGO,0.0,485.0,1,0,0.0,0
2022,1,ICN-NRT,NRT,0.0,5449.0,4,4,1.0,0
2022,2,ICN-FUK,FUK,0.0,963.0,2,0,0.0,0
2022,2,ICN-KIX,KIX,0.0,2489.0,3,2,0.6667,0
2022,2,ICN-NGO,NGO,0.0,550.0,1,0,0.0,0
2022,2,ICN-NRT,NRT,0.0,6976.0,3,2,0.6667,0
2022,3,ICN-FUK,FUK,0.0,1173.0,2,0,0.0,0
2022,3,ICN-KIX,KIX,0.0,3488.0,5,2,0.4,0
2022,3,ICN-NGO,NGO,0.0,456.0,1,0,0.0,0
2022,3,ICN-NRT,NRT,0.0,11565.0,4,3,0.75,0
2022,4,ICN-FUK,FUK,0.0,1980.0,2,0,0.0,0
2022,4,ICN-KIX,KIX,0.0,5423.0,5,2,0.4,0
2022,4,ICN-NGO,NGO,0.0,1508.0,2,0,0.0,0
2022,4,ICN-NRT,NRT,0.0,18554.0,5,4,0.8,0
2022,5,ICN-FUK,FUK,0.0,2158.0,4,2,0.5,0
2022,5,ICN-KIX,KIX,0.0,7056.0,6,4,0.6667,0
2022,5,ICN-NGO,NGO,0.0,1156.0,2,0,0.0,0
2022,5,ICN-NRT,NRT,0.0,23622.0,9,9,1.0,0
2022,6,ICN-CTS,CTS,0.0,44.0,1,0,0.0,0
2022,6,ICN-FUK,FUK,0.0,3721.0,4,2,0.5,0
2022,6,ICN-KIX,KIX,0.0,10229.0,6,4,0.6667,0
2022,6,ICN-NGO,NGO,0.0,2103.0,2,0,0.0,0
2022,6,ICN-NRT,NRT,0.0,34814.0,8,6,0.75,0
2022,7,ICN-CTS,CTS,0.0,2496.0,2,2,1.0,0
2022,7,ICN-FUK,FUK,0.0,8418.0,5,2,0.4,0
2022,7,ICN-KIX,KIX,0.0,18385.0,6,4,0.6667,0
2022,7,ICN-NGO,NGO,0.0,3527.0,2,0,0.0,0
2022,7,ICN-NRT,NRT,0.0,48036.0,8,6,0.75,0
2022,8,ICN-CTS,CTS,0.0,5452.0,3,2,0.6667,0
2022,8,ICN-FUK,FUK,0.0,13654.0,6,4,0.6667,0
2022,8,ICN-KIX,KIX,0.0,29904.0,8,6,0.75,0
2022,8,ICN-NGO,NGO,0.0,5016.0,2,0,0.0,0
2022,8,ICN-NRT,NRT,0.0,59396.0,8,6,0.75,0
2022,8,ICN-OKA,OKA,0.0,519.0,1,2,2.0,0
2022,9,ICN-CTS,CTS,0.0,909.0,1,2,2.0,0
2022,9,ICN-FUK,FUK,0.0,14018.0,5,4,0.8,0
2022,9,ICN-KIX,KIX,0.0,33258.0,7,8,1.1429,0
2022,9,ICN-NGO,NGO,0.0,4926.0,2,0,0.0,0
2022,9,ICN-NRT,NRT,0.0,56390.0,9,11,1.2222,0
2022,10,ICN-CTS,CTS,0.0,816.0,1,2,2.0,0
2022,10,ICN-FUK,FUK,0.0,53918.0,7,10,1.4286,0
2022,10,ICN-HND,HND,0.0,488.0,1,2,2.0,0
2022,10,ICN-KIX,KIX,0.0,95641.0,8,14,1.75,0
2022,10,ICN-NGO,NGO,0.0,9311.0,2,0,0.0,0
2022,10,ICN-NRT,NRT,0.0,123283.0,9,12,1.3333,0
2022,11,ICN-CTS,CTS,0.0,26863.0,2,4,2.0,0
2022,11,ICN-FUK,FUK,0.0,127835.0,7,6,0.8571,0
2022,11,ICN-HND,HND,0.0,7861.0,1,2,2.0,0
2022,11,ICN-KIX,KIX,0.0,184232.0,8,10,1.25,0
2022,11,ICN-KMI,KMI,0.0,848.0,1,0,0.0,0
2022,11,ICN-NGO,NGO,0.0,13534.0,3,2,0.6667,0
2022,11,ICN-NRT,NRT,0.0,179285.0,9,10,1.1111,0
2022,11,ICN-TAK,TAK,0.0,1494.0,1,2,2.0,0
2022,12,ICN-CTS,CTS,0.0,63897.0,4,6,1.5,0
2022,12,ICN-FUK,FUK,0.0,182817.0,7,6,0.8571,0
2022,12,ICN-HND,HND,0.0,8796.0,1,2,2.0,0
2022,12,ICN-KIX,KIX,0.0,238473.0,9,8,0.8889,0
2022,12,ICN-NGO,NGO,0.0,24404.0,3,2,0.6667,0
2022,12,ICN-NRT,NRT,0.0,233779.0,10,10,1.0,0
2022,12,ICN-OKA,OKA,0.0,25535.0,5,4,0.8,0
2022,12,ICN-TAK,TAK,0.0,4569.0,1,2,2.0,0
2023,1,ICN-AOJ,AOJ,0.0,518.0,1,0,0.0,0
2023,1,ICN-CTS,CTS,0.0,94803.0,6,8,1.3333,0
2023,1,ICN-FUK,FUK,0.0,204922.0,7,8,1.1429,0
2023,1,ICN-HND,HND,0.0,10386.0,2,2,1.0,0
2023,1,ICN-KIX,KIX,0.0,264816.0,8,16,2.0,0
2023,1,ICN-KMI,KMI,0.0,2279.0,1,0,0.0,0
2023,1,ICN-KMJ,KMJ,0.0,3350.0,1,2,2.0,0
2023,1,ICN-KOJ,KOJ,0.0,2150.0,1,0,0.0,0
2023,1,ICN-NGO,NGO,0.0,30918.0,3,2,0.6667,0
2023,1,ICN-NRT,NRT,0.0,226427.0,10,12,1.2,0
2023,1,ICN-OKA,OKA,0.0,41629.0,5,4,0.8,0
2023,1,ICN-TAK,TAK,0.0,4191.0,1,2,2.0,0
2023,2,ICN-AOJ,AOJ,0.0,548.0,1,0,0.0,0
2023,2,ICN-CTS,CTS,0.0,88479.0,6,6,1.0,0
2023,2,ICN-FSZ,FSZ,0.0,562.0,1,2,2.0,0
2023,2,ICN-FUK,FUK,0.0,208311.0,7,8,1.1429,0
2023,2,ICN-HND,HND,0.0,9233.0,1,2,2.0,0
2023,2,ICN-KIX,KIX,0.0,268078.0,8,12,1.5,0
2023,2,ICN-KKJ,KKJ,0.0,362.0,1,0,0.0,0
2023,2,ICN-KMI,KMI,0.0,2286.0,1,0,0.0,0
2023,2,ICN-KMJ,KMJ,0.0,4811.0,1,2,2.0,0
2023,2,ICN-KOJ,KOJ,0.0,2944.0,1,0,0.0,0
2023,2,ICN-NGO,NGO,0.0,34432.0,3,2,0.6667,0
2023,2,ICN-NRT,NRT,0.0,244056.0,10,10,1.0,0
2023,2,ICN-OKA,OKA,0.0,41182.0,5,4,0.8,0
2023,2,ICN-TAK,TAK,0.0,4663.0,1,2,2.0,0
2023,3,ICN-AOJ,AOJ,0.0,838.0,1,0,0.0,0
2023,3,ICN-CTS,CTS,0.0,51226.0,6,6,1.0,0
2023,3,ICN-FSZ,FSZ,0.0,965.0,1,2,2.0,0
2023,3,ICN-FUK,FUK,0.0,215592.0,7,10,1.4286,0
2023,3,ICN-HND,HND,0.0,10833.0,2,2,1.0,0
2023,3,ICN-KIX,KIX,0.0,263420.0,8,14,1.75,0
2023,3,ICN-KMI,KMI,0.0,172.0,1,0,0.0,0
2023,3,ICN-KMJ,KMJ,0.0,9428.0,1,4,4.0,0
2023,3,ICN-KOJ,KOJ,0.0,5028.0,2,2,1.0,0
2023,3,ICN-MYJ,MYJ,0.0,1215.0,1,2,2.0,0
2023,3,ICN-NGO,NGO,0.0,40687.0,3,2,0.6667,0
2023,3,ICN-NRT,NRT,0.0,268036.0,10,10,1.0,0
2023,3,ICN-OKA,OKA,0.0,39968.0,5,4,0.8,0
2023,3,ICN-SDJ,SDJ,0.0,682.0,1,0,0.0,0
2023,3,ICN-TAK,TAK,0.0,5963.0,1,4,4.0,0
2023,4,ICN-CTS,CTS,0.0,37625.0,5,4,0.8,0
2023,4,ICN-FSZ,FSZ,0.0,4859.0,1,2,2.0,0
2023,4,ICN-FUK,FUK,0.0,194495.0,7,8,1.1429,0
2023,4,ICN-HND,HND,0.0,13819.0,2,2,1.0,0
2023,4,ICN-KIX,KIX,0.0,259941.0,9,12,1.3333,0
2023,4,ICN-KMI,KMI,0.0,1363.0,1,0,0.0,0
2023,4,ICN-KMJ,KMJ,0.0,8519.0,1,2,2.0,0
2023,4,ICN-KOJ,KOJ,0.0,2034.0,2,1,0.5,0
2023,4,ICN-MYJ,MYJ,0.0,6734.0,1,2,2.0,0
2023,4,ICN-NGO,NGO,0.0,38023.0,3,2,0.6667,0
2023,4,ICN-NRT,NRT,0.0,239032.0,10,12,1.2,0
2023,4,ICN-OKA,OKA,0.0,39909.0,5,4,0.8,0
2023,4,ICN-SDJ,SDJ,0.0,417.0,1,0,0.0,0
2023,4,ICN-TAK,TAK,0.0,9941.0,1,4,4.0,0
2023,4,ICN-YGJ,YGJ,0.0,2498.0,1,2,2.0,0
2023,5,ICN-CTS,CTS,0.0,51431.0,5,4,0.8,0
2023,5,ICN-FSZ,FSZ,0.0,8772.0,1,2,2.0,0
2023,5,ICN-FUK,FUK,0.0,210383.0,7,8,1.1429,0
2023,5,ICN-HND,HND,0.0,22541.0,3,2,0.6667,0
2023,5,ICN-KIX,KIX,0.0,303362.0,8,10,1.25,0
2023,5,ICN-KKJ,KKJ,0.0,3817.0,1,0,0.0,0
2023,5,ICN-KMJ,KMJ,0.0,7818.0,1,2,2.0,0
2023,5,ICN-MYJ,MYJ,0.0,6298.0,1,2,2.0,0
2023,5,ICN-NGO,NGO,0.0,47795.0,3,4,1.3333,0
2023,5,ICN-NRT,NRT,0.0,284374.0,11,12,1.0909,0
2023,5,ICN-OKA,OKA,0.0,43803.0,5,4,0.8,0
2023,5,ICN-SDJ,SDJ,0.0,3154.0,1,0,0.0,0
2023,5,ICN-TAK,TAK,0.0,10762.0,1,2,2.0,0
2023,6,ICN-CTS,CTS,0.0,78889.0,6,6,1.0,0
2023,6,ICN-FSZ,FSZ,0.0,9655.0,1,2,2.0,0
2023,6,ICN-FUK,FUK,0.0,216014.0,7,10,1.4286,0
2023,6,ICN-HND,HND,0.0,17730.0,3,2,0.6667,0
2023,6,ICN-KIX,KIX,0.0,295325.0,8,8,1.0,0
2023,6,ICN-KKJ,KKJ,0.0,5236.0,1,0,0.0,0
2023,6,ICN-KMJ,KMJ,0.0,6950.0,1,2,2.0,0
2023,6,ICN-MYJ,MYJ,0.0,6875.0,1,2,2.0,0
2023,6,ICN-NGO,NGO,0.0,50932.0,3,2,0.6667,0
2023,6,ICN-NRT,NRT,0.0,284937.0,10,10,1.0,0
2023,6,ICN-OIT,OIT,0.0,1249.0,1,2,2.0,0
2023,6,ICN-OKA,OKA,0.0,42453.0,5,4,0.8,0
2023,6,ICN-SDJ,SDJ,0.0,3234.0,1,0,0.0,0
2023,6,ICN-TAK,TAK,0.0,10756.0,1,2,2.0,0
2023,7,ICN-CTS,CTS,0.0,149482.0,7,8,1.1429,0
2023,7,ICN-FSZ,FSZ,0.0,4215.0,1,2,2.0,0
2023,7,ICN-FUK,FUK,0.0,227698.0,7,6,0.8571,0
2023,7,ICN-HIJ,HIJ,0.0,2343.0,1,2,2.0,0
2023,7,ICN-HND,HND,0.0,17655.0,2,2,1.0,0
2023,7,ICN-KIX,KIX,0.0,311656.0,8,10,1.25,0
2023,7,ICN-KKJ,KKJ,0.0,9108.0,1,0,0.0,0
2023,7,ICN-KMJ,KMJ,0.0,7332.0,1,2,2.0,0
2023,7,ICN-MYJ,MYJ,0.0,7121.0,1,2,2.0,0
2023,7,ICN-NGO,NGO,0.0,56603.0,3,2,0.6667,0
2023,7,ICN-NRT,NRT,0.0,297108.0,12,10,0.8333,0
2023,7,ICN-OIT,OIT,0.0,3570.0,1,2,2.0,0
2023,7,ICN-OKA,OKA,0.0,54467.0,5,4,0.8,0
2023,7,ICN-SDJ,SDJ,0.0,3737.0,1,0,0.0,0
2023,7,ICN-TAK,TAK,0.0,11002.0,1,2,2.0,0
2023,8,ICN-CTS,CTS,0.0,143686.0,7,10,1.4286,0
2023,8,ICN-FSZ,FSZ,0.0,4262.0,1,2,2.0,0
2023,8,ICN-FUK,FUK,0.0,235826.0,7,6,0.8571,0
2023,8,ICN-HIJ,HIJ,0.0,4406.0,1,2,2.0,0
2023,8,ICN-HND,HND,0.0,18265.0,3,2,0.6667,0
2023,8,ICN-KIX,KIX,0.0,303313.0,9,12,1.3333,0
2023,8,ICN-KKJ,KKJ,0.0,9930.0,1,0,0.0,0
2023,8,ICN-KMJ,KMJ,0.0,9420.0,1,2,2.0,0
2023,8,ICN-MYJ,MYJ,0.0,6720.0,1,2,2.0,0
2023,8,ICN-NGO,NGO,0.0,58598.0,3,4,1.3333,0
2023,8,ICN-NRT,NRT,0.0,299027.0,11,12,1.0909,0
2023,8,ICN-OIT,OIT,0.0,4142.0,1,2,2.0,0
2023,8,ICN-OKA,OKA,0.0,46264.0,5,6,1.2,0
2023,8,ICN-SDJ,SDJ,0.0,3818.0,1,0,0.0,0
2023,8,ICN-TAK,TAK,0.0,10836.0,1,2,2.0,0
2023,9,ICN-CTS,CTS,0.0,84185.0,6,4,0.6667,0
2023,9,ICN-FSZ,FSZ,0.0,4046.0,1,2,2.0,0
2023,9,ICN-FUK,FUK,0.0,223016.0,7,10,1.4286,0
2023,9,ICN-HIJ,HIJ,0.0,3697.0,1,2,2.0,0
2023,9,ICN-HND,HND,0.0,20902.0,3,2,0.6667,0
2023,9,ICN-KIX,KIX,0.0,317456.0,9,15,1.6667,0
2023,9,ICN-KKJ,KKJ,0.0,9227.0,1,0,0.0,0
2023,9,ICN-KMI,KMI,0.0,524.0,1,0,0.0,0
2023,9,ICN-KMJ,KMJ,0.0,8356.0,1,2,2.0,0
2023,9,ICN-KOJ,KOJ,0.0,172.0,1,0,0.0,0
2023,9,ICN-MYJ,MYJ,0.0,6199.0,1,2,2.0,0
2023,9,ICN-NGO,NGO,0.0,63748.0,4,2,0.5,0
2023,9,ICN-NRT,NRT,0.0,289321.0,11,12,1.0909,0
2023,9,ICN-OIT,OIT,0.0,3842.0,1,2,2.0,0
2023,9,ICN-OKA,OKA,0.0,46561.0,5,4,0.8,0
2023,9,ICN-OKJ,OKJ,0.0,137.0,1,0,0.0,0
2023,9,ICN-SDJ,SDJ,0.0,3597.0,1,0,0.0,0
2023,9,ICN-TAK,TAK,0.0,11124.0,1,4,4.0,0
2023,10,ICN-CTS,CTS,0.0,81208.0,6,4,0.6667,0
2023,10,ICN-FSZ,FSZ,0.0,4813.0,1,2,2.0,0
2023,10,ICN-FUK,FUK,0.0,253215.0,8,12,1.5,0
2023,10,ICN-HIJ,HIJ,0.0,4613.0,1,2,2.0,0
2023,10,ICN-HND,HND,0.0,18253.0,2,2,1.0,0
2023,10,ICN-KIJ,KIJ,0.0,96.0,1,0,0.0,0
2023,10,ICN-KIX,KIX,0.0,361161.0,9,16,1.7778,0
2023,10,ICN-KKJ,KKJ,0.0,9046.0,1,0,0.0,0
2023,10,ICN-KMI,KMI,0.0,3738.0,1,0,0.0,0
2023,10,ICN-KMJ,KMJ,0.0,9279.0,1,2,2.0,0
2023,10,ICN-KOJ,KOJ,0.0,728.0,1,0,0.0,0
2023,10,ICN-MYJ,MYJ,0.0,7261.0,1,2,2.0,0
2023,10,ICN-NGO,NGO,0.0,77446.0,4,2,0.5,0
2023,10,ICN-NRT,NRT,0.0,335423.0,11,12,1.0909,0
2023,10,ICN-OIT,OIT,0.0,4072.0,1,2,2.0,0
2023,10,ICN-OKA,OKA,0.0,48194.0,5,4,0.8,0
2023,10,ICN-OKJ,OKJ,0.0,512.0,1,0,0.0,0
2023,10,ICN-SDJ,SDJ,0.0,4307.0,1,0,0.0,0
2023,10,ICN-TAK,TAK,0.0,15012.0,1,4,4.0,0
2023,10,ICN-YGJ,YGJ,0.0,1046.0,1,4,4.0,0
2023,11,ICN-CTS,CTS,0.0,66100.0,6,4,0.6667,0
2023,11,ICN-FSZ,FSZ,0.0,10172.0,1,2,2.0,0
2023,11,ICN-FUK,FUK,0.0,261437.0,8,8,1.0,0
2023,11,ICN-HIJ,HIJ,0.0,8609.0,1,2,2.0,0
2023,11,ICN-HND,HND,0.0,17334.0,2,2,1.0,0
2023,11,ICN-KIJ,KIJ,0.0,2265.0,1,0,0.0,0
2023,11,ICN-KIX,KIX,0.0,357806.0,9,10,1.1111,0
2023,11,ICN-KKJ,KKJ,0.0,9108.0,1,0,0.0,0
2023,11,ICN-KMI,KMI,0.0,3783.0,1,0,0.0,0
2023,11,ICN-KMJ,KMJ,0.0,8836.0,1,2,2.0,0
2023,11,ICN-KOJ,KOJ,0.0,3456.0,1,0,0.0,0
2023,11,ICN-MYJ,MYJ,0.0,9749.0,1,2,2.0,0
2023,11,ICN-NGO,NGO,0.0,68711.0,4,2,0.5,0
2023,11,ICN-NRT,NRT,0.0,338072.0,11,10,0.9091,0
2023,11,ICN-OIT,OIT,0.0,4146.0,1,2,2.0,0
2023,11,ICN-OKA,OKA,0.0,51363.0,5,4,0.8,0
2023,11,ICN-OKJ,OKJ,0.0,2560.0,1,0,0.0,0
2023,11,ICN-SDJ,SDJ,0.0,4438.0,1,0,0.0,0
2023,11,ICN-TAK,TAK,0.0,11433.0,2,2,1.0,0
2023,11,ICN-YGJ,YGJ,0.0,4501.0,1,2,2.0,0
2023,12,ICN-CTS,CTS,0.0,103626.0,6,4,0.6667,0
2023,12,ICN-FSZ,FSZ,0.0,10420.0,1,2,2.0,0
2023,12,ICN-FUK,FUK,0.0,267190.0,8,10,1.25,0
2023,12,ICN-HIJ,HIJ,0.0,9557.0,1,2,2.0,0
2023,12,ICN-HND,HND,0.0,17699.0,2,2,1.0,0
2023,12,ICN-KIJ,KIJ,0.0,2487.0,1,0,0.0,0
2023,12,ICN-KIX,KIX,0.0,363167.0,10,15,1.5,0
2023,12,ICN-KKJ,KKJ,0.0,9983.0,1,0,0.0,0
2023,12,ICN-KMI,KMI,0.0,4305.0,1,0,0.0,0
2023,12,ICN-KMJ,KMJ,0.0,9372.0,1,2,2.0,0
2023,12,ICN-KOJ,KOJ,0.0,4348.0,1,0,0.0,0
2023,12,ICN-MYJ,MYJ,0.0,10778.0,1,2,2.0,0
2023,12,ICN-NGO,NGO,0.0,73057.0,4,2,0.5,0
2023,12,ICN-NRT,NRT,0.0,351793.0,11,10,0.9091,0
2023,12,ICN-OIT,OIT,0.0,4636.0,1,2,2.0,0
2023,12,ICN-OKA,OKA,0.0,55784.0,5,4,0.8,0
2023,12,ICN-OKJ,OKJ,0.0,3088.0,1,0,0.0,0
2023,12,ICN-SDJ,SDJ,0.0,4523.0,1,0,0.0,0
2023,12,ICN-TAK,TAK,0.0,11189.0,1,2,2.0,0
2023,12,ICN-YGJ,YGJ,0.0,5126.0,1,2,2.0,0
2024,1,ICN-AOJ,AOJ,0.0,1052.0,1,0,0.0,0
2024,1,ICN-CTS,CTS,0.0,127445.0,6,4,0.6667,0
2024,1,ICN-FSZ,FSZ,0.0,9620.0,1,2,2.0,0
2024,1,ICN-FUK,FUK,0.0,266193.0,8,10,1.25,0
2024,1,ICN-HIJ,HIJ,0.0,14888.0,1,2,2.0,0
2024,1,ICN-HND,HND,0.0,23629.0,3,2,0.6667,0
2024,1,ICN-KIJ,KIJ,0.0,2301.0,1,0,0.0,0
2024,1,ICN-KIX,KIX,0.0,362966.0,9,10,1.1111,0
2024,1,ICN-KKJ,KKJ,0.0,9067.0,1,0,0.0,0
2024,1,ICN-KMI,KMI,0.0,3960.0,1,0,0.0,0
2024,1,ICN-KMJ,KMJ,0.0,9260.0,1,2,2.0,0
2024,1,ICN-KOJ,KOJ,0.0,7187.0,1,0,0.0,0
2024,1,ICN-MYJ,MYJ,0.0,10313.0,1,2,2.0,0
2024,1,ICN-NGO,NGO,0.0,70510.0,4,2,0.5,0
2024,1,ICN-NRT,NRT,0.0,347392.0,11,10,0.9091,0
2024,1,ICN-OIT,OIT,0.0,7960.0,2,2,1.0,0
2024,1,ICN-OKA,OKA,0.0,56557.0,5,4,0.8,0
2024,1,ICN-OKJ,OKJ,0.0,2634.0,1,0,0.0,0
2024,1,ICN-SDJ,SDJ,0.0,5738.0,1,0,0.0,0
2024,1,ICN-TAK,TAK,0.0,10236.0,1,2,2.0,0
2024,1,ICN-YGJ,YGJ,0.0,4560.0,1,2,2.0,0
2024,2,ICN-AOJ,AOJ,0.0,2594.0,1,0,0.0,0
2024,2,ICN-CTS,CTS,0.0,120178.0,6,4,0.6667,0
2024,2,ICN-FSZ,FSZ,0.0,9405.0,1,2,2.0,0
2024,2,ICN-FUK,FUK,0.0,261884.0,8,8,1.0,0
2024,2,ICN-HIJ,HIJ,0.0,18523.0,1,2,2.0,0
2024,2,ICN-HND,HND,0.0,25404.0,3,2,0.6667,0
2024,2,ICN-KIJ,KIJ,0.0,2517.0,1,0,0.0,0
2024,2,ICN-KIX,KIX,0.0,357023.0,9,10,1.1111,0
2024,2,ICN-KKJ,KKJ,0.0,9415.0,1,0,0.0,0
2024,2,ICN-KMI,KMI,0.0,3593.0,1,0,0.0,0
2024,2,ICN-KMJ,KMJ,0.0,9419.0,1,2,2.0,0
2024,2,ICN-KOJ,KOJ,0.0,6774.0,1,0,0.0,0
2024,2,ICN-MYJ,MYJ,0.0,10002.0,1,2,2.0,0
2024,2,ICN-NGO,NGO,0.0,74776.0,4,2,0.5,0
2024,2,ICN-NRT,NRT,0.0,361800.0,12,10,0.8333,0
2024,2,ICN-OIT,OIT,0.0,10834.0,2,2,1.0,0
2024,2,ICN-OKA,OKA,0.0,52081.0,5,4,0.8,0
2024,2,ICN-OKJ,OKJ,0.0,2625.0,1,0,0.0,0
2024,2,ICN-SDJ,SDJ,0.0,6984.0,1,0,0.0,0
2024,2,ICN-TAK,TAK,0.0,10707.0,1,2,2.0,0
2024,2,ICN-YGJ,YGJ,0.0,4446.0,1,2,2.0,0
2024,3,ICN-AOJ,AOJ,0.0,2237.0,1,0,0.0,0
2024,3,ICN-CTS,CTS,0.0,76550.0,6,4,0.6667,0
2024,3,ICN-FSZ,FSZ,0.0,10464.0,1,2,2.0,0
2024,3,ICN-FUK,FUK,0.0,281898.0,8,8,1.0,0
2024,3,ICN-HIJ,HIJ,0.0,20246.0,1,2,2.0,0
2024,3,ICN-HND,HND,0.0,25747.0,3,2,0.6667,0
2024,3,ICN-KIJ,KIJ,0.0,2310.0,1,0,0.0,0
2024,3,ICN-KIX,KIX,0.0,376252.0,9,12,1.3333,0
2024,3,ICN-KKJ,KKJ,0.0,10358.0,1,0,0.0,0
2024,3,ICN-KMI,KMI,0.0,4572.0,1,0,0.0,0
2024,3,ICN-KMJ,KMJ,0.0,9947.0,1,2,2.0,0
2024,3,ICN-KOJ,KOJ,0.0,4838.0,1,0,0.0,0
2024,3,ICN-MYJ,MYJ,0.0,11023.0,1,2,2.0,0
2024,3,ICN-NGO,NGO,0.0,87974.0,4,2,0.5,0
2024,3,ICN-NRT,NRT,0.0,392799.0,12,12,1.0,0
2024,3,ICN-OIT,OIT,0.0,11278.0,2,2,1.0,0
2024,3,ICN-OKA,OKA,0.0,52229.0,5,4,0.8,0
2024,3,ICN-OKJ,OKJ,0.0,3578.0,1,0,0.0,0
2024,3,ICN-SDJ,SDJ,0.0,6969.0,1,0,0.0,0
2024,3,ICN-TAK,TAK,0.0,12017.0,1,2,2.0,0
2024,3,ICN-YGJ,YGJ,0.0,5001.0,1,2,2.0,0
2024,4,ICN-AOJ,AOJ,0.0,1946.0,1,0,0.0,0
2024,4,ICN-CTS,CTS,0.0,56320.0,6,4,0.6667,0
2024,4,ICN-FSZ,FSZ,0.0,9588.0,1,2,2.0,0
2024,4,ICN-FUK,FUK,0.0,259210.0,8,8,1.0,0
2024,4,ICN-HIJ,HIJ,0.0,15954.0,1,2,2.0,0
2024,4,ICN-HND,HND,0.0,23051.0,3,2,0.6667,0
2024,4,ICN-KIJ,KIJ,0.0,2096.0,1,0,0.0,0
2024,4,ICN-KIX,KIX,0.0,336914.0,9,10,1.1111,0
2024,4,ICN-KKJ,KKJ,0.0,9246.0,1,0,0.0,0
2024,4,ICN-KMI,KMI,0.0,3521.0,1,0,0.0,0
2024,4,ICN-KMJ,KMJ,0.0,9713.0,1,2,2.0,0
2024,4,ICN-KOJ,KOJ,0.0,2987.0,1,0,0.0,0
2024,4,ICN-MYJ,MYJ,0.0,10602.0,1,2,2.0,0
2024,4,ICN-NGO,NGO,0.0,72219.0,4,2,0.5,0
2024,4,ICN-NRT,NRT,0.0,361739.0,12,10,0.8333,0
2024,4,ICN-OIT,OIT,0.0,7423.0,1,2,2.0,0
2024,4,ICN-OKA,OKA,0.0,49154.0,5,4,0.8,0
2024,4,ICN-OKJ,OKJ,0.0,2497.0,1,0,0.0,0
2024,4,ICN-SDJ,SDJ,0.0,6598.0,1,0,0.0,0
2024,4,ICN-TAK,TAK,0.0,10641.0,1,2,2.0,0
2024,4,ICN-YGJ,YGJ,0.0,3994.0,1,2,2.0,0
2024,5,ICN-AOJ,AOJ,0.0,2209.0,1,0,0.0,0
2024,5,ICN-CTS,CTS,0.0,69662.0,6,4,0.6667,0
2024,5,ICN-FSZ,FSZ,0.0,9813.0,1,2,2.0,0
2024,5,ICN-FUK,FUK,0.0,274830.0,8,8,1.0,0
2024,5,ICN-HIJ,HIJ,0.0,16528.0,1,2,2.0,0
2024,5,ICN-HND,HND,0.0,26699.0,3,2,0.6667,0
2024,5,ICN-KIJ,KIJ,0.0,2410.0,1,0,0.0,0
2024,5,ICN-KIX,KIX,0.0,367842.0,9,12,1.3333,0
2024,5,ICN-KKJ,KKJ,0.0,9558.0,1,0,0.0,0
2024,5,ICN-KMI,KMI,0.0,3596.0,1,0,0.0,0
2024,5,ICN-KMJ,KMJ,0.0,9539.0,1,2,2.0,0
2024,5,ICN-KOJ,KOJ,0.0,3145.0,1,0,0.0,0
2024,5,ICN-MYJ,MYJ,0.0,11195.0,1,2,2.0,0
2024,5,ICN-NGO,NGO,0.0,76597.0,4,2,0.5,0
2024,5,ICN-NRT,NRT,0.0,380982.0,13,12,0.9231,0
2024,5,ICN-OIT,OIT,0.0,7264.0,1,2,2.0,0
2024,5,ICN-OKA,OKA,0.0,53828.0,5,4,0.8,0
2024,5,ICN-OKJ,OKJ,0.0,2578.0,1,0,0.0,0
2024,5,ICN-SDJ,SDJ,0.0,6902.0,1,0,0.0,0
2024,5,ICN-TAK,TAK,0.0,10610.0,1,2,2.0,0
2024,5,ICN-YGJ,YGJ,0.0,4356.0,1,2,2.0,0
2024,6,ICN-AOJ,AOJ,0.0,2851.0,1,0,0.0,0
2024,6,ICN-CTS,CTS,0.0,102996.0,6,4,0.6667,0
2024,6,ICN-FSZ,FSZ,0.0,9789.0,1,2,2.0,0
2024,6,ICN-FUK,FUK,0.0,265590.0,8,8,1.0,0
2024,6,ICN-HIJ,HIJ,0.0,16505.0,1,2,2.0,0
2024,6,ICN-HND,HND,0.0,26785.0,3,2,0.6667,0
2024,6,ICN-KIJ,KIJ,0.0,2398.0,1,0,0.0,0
2024,6,ICN-KIX,KIX,0.0,347057.0,9,12,1.3333,0
2024,6,ICN-KKJ,KKJ,0.0,9024.0,1,0,0.0,0
2024,6,ICN-KMI,KMI,0.0,3057.0,1,0,0.0,0
2024,6,ICN-KMJ,KMJ,0.0,8017.0,1,2,2.0,0
2024,6,ICN-KOJ,KOJ,0.0,2489.0,1,0,0.0,0
2024,6,ICN-MYJ,MYJ,0.0,16027.0,1,2,2.0,0
2024,6,ICN-NGO,NGO,0.0,76899.0,4,2,0.5,0
2024,6,ICN-NRT,NRT,0.0,383188.0,13,12,0.9231,0
2024,6,ICN-OIT,OIT,0.0,6738.0,1,2,2.0,0
2024,6,ICN-OKA,OKA,0.0,47795.0,5,4,0.8,0
2024,6,ICN-OKJ,OKJ,0.0,2407.0,1,0,0.0,0
2024,6,ICN-SDJ,SDJ,0.0,7497.0,1,0,0.0,0
2024,6,ICN-TAK,TAK,0.0,10490.0,1,2,2.0,0
2024,6,ICN-YGJ,YGJ,0.0,4296.0,1,2,2.0,0
2024,7,ICN-AOJ,AOJ,0.0,3099.0,1,0,0.0,0
2024,7,ICN-CTS,CTS,0.0,148288.0,7,8,1.1429,0
2024,7,ICN-FSZ,FSZ,0.0,9411.0,1,2,2.0,0
2024,7,ICN-FUK,FUK,0.0,272345.0,8,10,1.25,0
2024,7,ICN-HIJ,HIJ,0.0,17457.0,1,2,2.0,0
2024,7,ICN-HND,HND,0.0,25374.0,3,2,0.6667,0
2024,7,ICN-KIJ,KIJ,0.0,2521.0,1,0,0.0,0
2024,7,ICN-KIX,KIX,0.0,334386.0,9,11,1.2222,0
2024,7,ICN-KKJ,KKJ,0.0,10461.0,1,0,0.0,0
2024,7,ICN-KMI,KMI,0.0,3186.0,1,0,0.0,0
2024,7,ICN-KMJ,KMJ,0.0,8552.0,1,2,2.0,0
2024,7,ICN-KOJ,KOJ,0.0,2457.0,1,0,0.0,0
2024,7,ICN-MYJ,MYJ,0.0,15741.0,1,2,2.0,0
2024,7,ICN-NGO,NGO,0.0,73988.0,4,2,0.5,0
2024,7,ICN-NRT,NRT,0.0,389267.0,13,14,1.0769,0
2024,7,ICN-OIT,OIT,0.0,6483.0,1,2,2.0,0
2024,7,ICN-OKA,OKA,0.0,61262.0,6,6,1.0,0
2024,7,ICN-OKJ,OKJ,0.0,2415.0,1,0,0.0,0
2024,7,ICN-SDJ,SDJ,0.0,7474.0,1,0,0.0,0
2024,7,ICN-TAK,TAK,0.0,14542.0,2,2,1.0,0
2024,7,ICN-YGJ,YGJ,0.0,4335.0,1,2,2.0,0
2024,8,ICN-AOJ,AOJ,0.0,3104.0,1,0,0.0,0
2024,8,ICN-CTS,CTS,0.0,150223.0,7,8,1.1429,0
2024,8,ICN-FSZ,FSZ,0.0,9295.0,1,2,2.0,0
2024,8,ICN-FUK,FUK,0.0,247032.0,8,10,1.25,0
2024,8,ICN-HIJ,HIJ,0.0,16999.0,1,2,2.0,0
2024,8,ICN-HND,HND,0.0,22598.0,3,2,0.6667,0
2024,8,ICN-KIJ,KIJ,0.0,2638.0,1,0,0.0,0
2024,8,ICN-KIX,KIX,0.0,309338.0,9,12,1.3333,0
2024,8,ICN-KKJ,KKJ,0.0,11872.0,1,0,0.0,0
2024,8,ICN-KMI,KMI,0.0,2947.0,1,0,0.0,0
2024,8,ICN-KMJ,KMJ,0.0,8163.0,1,2,2.0,0
2024,8,ICN-KOJ,KOJ,0.0,2212.0,1,0,0.0,0
2024,8,ICN-MYJ,MYJ,0.0,15274.0,1,2,2.0,0
2024,8,ICN-NGO,NGO,0.0,76107.0,4,2,0.5,0
2024,8,ICN-NRT,NRT,0.0,369651.0,13,18,1.3846,0
2024,8,ICN-OIT,OIT,0.0,5656.0,1,2,2.0,0
2024,8,ICN-OKA,OKA,0.0,60488.0,6,6,1.0,0
2024,8,ICN-OKJ,OKJ,0.0,3946.0,1,0,0.0,0
2024,8,ICN-SDJ,SDJ,0.0,8342.0,1,0,0.0,0
2024,8,ICN-TAK,TAK,0.0,15879.0,2,2,1.0,0
2024,8,ICN-YGJ,YGJ,0.0,4072.0,1,2,2.0,0
2024,9,ICN-AOJ,AOJ,0.0,2612.0,1,0,0.0,0
2024,9,ICN-CTS,CTS,0.0,110339.0,7,6,0.8571,0
2024,9,ICN-FSZ,FSZ,0.0,9229.0,1,2,2.0,0
2024,9,ICN-FUK,FUK,0.0,258573.0,8,8,1.0,0
2024,9,ICN-HIJ,HIJ,0.0,16847.0,1,2,2.0,0
2024,9,ICN-HND,HND,0.0,26409.0,3,2,0.6667,0
2024,9,ICN-KIJ,KIJ,0.0,2644.0,1,0,0.0,0
2024,9,ICN-KIX,KIX,0.0,328766.0,9,14,1.5556,0
2024,9,ICN-KKJ,KKJ,0.0,7797.0,1,0,0.0,0
2024,9,ICN-KMI,KMI,0.0,3369.0,1,0,0.0,0
2024,9,ICN-KMJ,KMJ,0.0,7867.0,1,2,2.0,0
2024,9,ICN-KOJ,KOJ,0.0,5908.0,2,2,1.0,0
2024,9,ICN-MYJ,MYJ,0.0,15350.0,1,2,2.0,0
2024,9,ICN-NGO,NGO,0.0,79178.0,4,2,0.5,0
2024,9,ICN-NGS,NGS,0.0,824.0,1,0,0.0,0
2024,9,ICN-NRT,NRT,0.0,381288.0,13,14,1.0769,0
2024,9,ICN-OIT,OIT,0.0,6027.0,1,2,2.0,0
2024,9,ICN-OKA,OKA,0.0,60178.0,6,6,1.0,0
2024,9,ICN-OKJ,OKJ,0.0,4412.0,1,0,0.0,0
2024,9,ICN-SDJ,SDJ,0.0,9034.0,1,0,0.0,0
2024,9,ICN-TAK,TAK,0.0,17002.0,2,2,1.0,0
2024,9,ICN-YGJ,YGJ,0.0,4016.0,1,2,2.0,0
2024,10,ICN-AOJ,AOJ,0.0,2655.0,1,0,0.0,0
2024,10,ICN-CTS,CTS,0.0,93458.0,7,6,0.8571,0
2024,10,ICN-FSZ,FSZ,0.0,10443.0,1,2,2.0,0
2024,10,ICN-FUK,FUK,0.0,291327.0,8,11,1.375,0
2024,10,ICN-HIJ,HIJ,0.0,18486.0,1,2,2.0,0
2024,10,ICN-HND,HND,0.0,28394.0,3,2,0.6667,0
2024,10,ICN-KIJ,KIJ,0.0,2681.0,1,0,0.0,0
2024,10,ICN-KIX,KIX,0.0,383973.0,9,12,1.3333,0
2024,10,ICN-KKJ,KKJ,0.0,9765.0,1,0,0.0,0
2024,10,ICN-KMI,KMI,0.0,3752.0,1,0,0.0,0
2024,10,ICN-KMJ,KMJ,0.0,10081.0,2,2,1.0,0
2024,10,ICN-KOJ,KOJ,0.0,9138.0,2,2,1.0,0
2024,10,ICN-MYJ,MYJ,0.0,17636.0,1,2,2.0,0
2024,10,ICN-NGO,NGO,0.0,88174.0,4,2,0.5,0
2024,10,ICN-NGS,NGS,0.0,580.0,1,0,0.0,0
2024,10,ICN-NRT,NRT,0.0,428731.0,13,20,1.5385,0
2024,10,ICN-OIT,OIT,0.0,7891.0,1,2,2.0,0
2024,10,ICN-OKA,OKA,0.0,62787.0,6,6,1.0,0
2024,10,ICN-OKJ,OKJ,0.0,4628.0,1,0,0.0,0
2024,10,ICN-SDJ,SDJ,0.0,8817.0,1,0,0.0,0
2024,10,ICN-TAK,TAK,0.0,21302.0,2,2,1.0,0
2024,10,ICN-YGJ,YGJ,0.0,4298.0,1,2,2.0,0
2024,11,ICN-AOJ,AOJ,0.0,2565.0,1,0,0.0,0
2024,11,ICN-CTS,CTS,0.0,84371.0,7,6,0.8571,0
2024,11,ICN-FSZ,FSZ,0.0,16275.0,1,2,2.0,0
2024,11,ICN-FUK,FUK,0.0,288601.0,8,10,1.25,0
2024,11,ICN-HIJ,HIJ,0.0,15018.0,1,2,2.0,0
2024,11,ICN-HND,HND,0.0,27341.0,3,2,0.6667,0
2024,11,ICN-KIJ,KIJ,0.0,2773.0,1,0,0.0,0
2024,11,ICN-KIX,KIX,0.0,385021.0,9,12,1.3333,0
2024,11,ICN-KKJ,KKJ,0.0,10161.0,1,0,0.0,0
2024,11,ICN-KMI,KMI,0.0,5862.0,1,0,0.0,0
2024,11,ICN-KMJ,KMJ,0.0,14262.0,3,2,0.6667,0
2024,11,ICN-KOJ,KOJ,0.0,11808.0,2,2,1.0,0
2024,11,ICN-MYJ,MYJ,0.0,20436.0,1,2,2.0,0
2024,11,ICN-NGO,NGO,0.0,88081.0,4,2,0.5,0
2024,11,ICN-NGS,NGS,0.0,4246.0,1,0,0.0,0
2024,11,ICN-NRT,NRT,0.0,403750.0,13,13,1.0,0
2024,11,ICN-OIT,OIT,0.0,10510.0,1,2,2.0,0
2024,11,ICN-OKA,OKA,0.0,67271.0,6,6,1.0,0
2024,11,ICN-OKJ,OKJ,0.0,4331.0,1,0,0.0,0
2024,11,ICN-SDJ,SDJ,0.0,8176.0,1,0,0.0,0
2024,11,ICN-TAK,TAK,0.0,22173.0,2,2,1.0,0
2024,11,ICN-YGJ,YGJ,0.0,4430.0,1,2,2.0,0
2024,12,ICN-AOJ,AOJ,0.0,2906.0,1,0,0.0,0
2024,12,ICN-CTS,CTS,0.0,133947.0,7,6,0.8571,0
2024,12,ICN-FSZ,FSZ,0.0,18169.0,1,2,2.0,0
2024,12,ICN-FUK,FUK,0.0,297704.0,8,8,1.0,0
2024,12,ICN-HIJ,HIJ,0.0,15196.0,1,2,2.0,0
2024,12,ICN-HND,HND,0.0,24589.0,3,2,0.6667,0
2024,12,ICN-KIJ,KIJ,0.0,2847.0,1,0,0.0,0
2024,12,ICN-KIX,KIX,0.0,380649.0,9,10,1.1111,0
2024,12,ICN-KKJ,KKJ,0.0,10775.0,1,0,0.0,0
2024,12,ICN-KMI,KMI,0.0,7575.0,1,0,0.0,0
2024,12,ICN-KMJ,KMJ,0.0,21321.0,3,2,0.6667,0
2024,12,ICN-KOJ,KOJ,0.0,13695.0,2,2,1.0,0
2024,12,ICN-MYJ,MYJ,0.0,21543.0,1,2,2.0,0
2024,12,ICN-NGO,NGO,0.0,82852.0,4,2,0.5,0
2024,12,ICN-NGS,NGS,0.0,4587.0,2,1,0.5,0
2024,12,ICN-NRT,NRT,0.0,389178.0,13,14,1.0769,0
2024,12,ICN-OIT,OIT,0.0,10900.0,1,2,2.0,0
2024,12,ICN-OKA,OKA,0.0,74272.0,6,6,1.0,0
2024,12,ICN-OKJ,OKJ,0.0,3741.0,1,0,0.0,0
2024,12,ICN-SDJ,SDJ,0.0,7501.0,1,0,0.0,0
2024,12,ICN-TAK,TAK,0.0,22087.0,2,2,1.0,0
2024,12,ICN-YGJ,YGJ,0.0,4492.0,1,2,2.0,0
