year,origin,destination,route,flight_count,passenger_count,cargo_ton,passengers_per_flight,passenger_growth_rate,flight_growth_rate,cargo_growth_rate,is_japan_route
2024,인천(ICN),NASA 셔틀 랜딩 퍼실리티(QQS),인천(ICN)-NASA 셔틀 랜딩 퍼실리티(QQS),1.0,0.0,41.0,0.0,,,,False
2025,인천(ICN),NASA 셔틀 랜딩 퍼실리티(QQS),인천(ICN)-NASA 셔틀 랜딩 퍼실리티(QQS),1.0,0.0,84.0,0.0,,0.0,104.88,False
2021,인천(ICN),간사이(KIX),인천(ICN)-간사이(KIX),1922.0,39039.0,79390.0,20.31,,,,True
2022,인천(ICN),간사이(KIX),인천(ICN)-간사이(KIX),5659.0,667741.0,76592.0,118.0,1610.45,194.43,-3.52,True
2023,인천(ICN),간사이(KIX),인천(ICN)-간사이(KIX),19949.0,3802521.0,92331.0,190.61,469.46,252.52,20.55,True
2024,인천(ICN),간사이(KIX),인천(ICN)-간사이(KIX),22866.0,4452000.0,104160.0,194.7,17.08,14.62,12.81,True
2025,인천(ICN),간사이(KIX),인천(ICN)-간사이(KIX),24848.0,4464603.0,110198.0,179.68,0.28,8.67,5.8,True
2023,인천(ICN),계림(KWL),인천(ICN)-계림(KWL),56.0,6129.0,62.0,109.45,,,,False
2025,인천(ICN),계림(KWL),인천(ICN)-계림(KWL),80.0,11052.0,111.0,138.15,80.32,42.86,79.03,False
2021,인천(ICN),고마스(KMQ),인천(ICN)-고마스(KMQ),0.0,0.0,0.0,0.0,,,,False
2022,인천(ICN),고마스(KMQ),인천(ICN)-고마스(KMQ),0.0,0.0,0.0,0.0,,,,False
2023,인천(ICN),고마스(KMQ),인천(ICN)-고마스(KMQ),8.0,1123.0,68.0,140.38,inf,inf,inf,False
2024,인천(ICN),고마스(KMQ),인천(ICN)-고마스(KMQ),314.0,37407.0,411.0,119.13,3230.99,3825.0,504.41,False
2025,인천(ICN),고마스(KMQ),인천(ICN)-고마스(KMQ),312.0,43033.0,473.0,137.93,15.04,-0.64,15.09,False
2025,인천(ICN),고베(UKB),인천(ICN)-고베(UKB),1031.0,156537.0,1702.0,151.83,,,,True
2021,인천(ICN),과달라하라(GDL),인천(ICN)-과달라하라(GDL),313.0,0.0,10207.0,0.0,,,,False
2022,인천(ICN),과달라하라(GDL),인천(ICN)-과달라하라(GDL),313.0,0.0,10201.0,0.0,,0.0,-0.06,False
2023,인천(ICN),과달라하라(GDL),인천(ICN)-과달라하라(GDL),313.0,0.0,9918.0,0.0,,0.0,-2.77,False
2024,인천(ICN),과달라하라(GDL),인천(ICN)-과달라하라(GDL),313.0,0.0,9453.0,0.0,,0.0,-4.69,False
2025,인천(ICN),과달라하라(GDL),인천(ICN)-과달라하라(GDL),311.0,0.0,10781.0,0.0,,-0.64,14.05,False
2021,인천(ICN),괌(GUM),인천(ICN)-괌(GUM),483.0,22991.0,2106.0,47.6,,,,False
2022,인천(ICN),괌(GUM),인천(ICN)-괌(GUM),2405.0,372277.0,7309.0,154.79,1519.23,397.93,247.06,False
2023,인천(ICN),괌(GUM),인천(ICN)-괌(GUM),4051.0,673712.0,11238.0,166.31,80.97,68.44,53.76,False
2024,인천(ICN),괌(GUM),인천(ICN)-괌(GUM),3736.0,706057.0,11340.0,188.99,4.8,-7.78,0.91,False
2025,인천(ICN),괌(GUM),인천(ICN)-괌(GUM),4411.0,723272.0,11559.0,163.97,2.44,18.07,1.93,False
2021,인천(ICN),광저우(CAN),인천(ICN)-광저우(CAN),1543.0,34161.0,106818.0,22.14,,,,False
2022,인천(ICN),광저우(CAN),인천(ICN)-광저우(CAN),1346.0,40378.0,96225.0,30.0,18.2,-12.77,-9.92,False
2023,인천(ICN),광저우(CAN),인천(ICN)-광저우(CAN),3033.0,335228.0,107845.0,110.53,730.22,125.33,12.08,False
2024,인천(ICN),광저우(CAN),인천(ICN)-광저우(CAN),4647.0,644543.0,117419.0,138.7,92.27,53.21,8.88,False
2025,인천(ICN),광저우(CAN),인천(ICN)-광저우(CAN),5223.0,758485.0,120152.0,145.22,17.68,12.4,2.33,False
2023,인천(ICN),구마모도(KMJ),인천(ICN)-구마모도(KMJ),666.0,93570.0,1400.0,140.5,,,,True
2024,인천(ICN),구마모도(KMJ),인천(ICN)-구마모도(KMJ),854.0,126667.0,1857.0,148.32,35.37,28.23,32.64,True
2025,인천(ICN),구마모도(KMJ),인천(ICN)-구마모도(KMJ),1496.0,210841.0,2896.0,140.94,66.45,75.18,55.95,True
2025,인천(ICN),구이양(KWE),인천(ICN)-구이양(KWE),22.0,1270.0,12.0,57.73,,,,False
2022,인천(ICN),구즈베이(YYR),인천(ICN)-구즈베이(YYR),0.0,0.0,0.0,0.0,,,,False
2022,인천(ICN),그린빌-스파르탄버그(GSP),인천(ICN)-그린빌-스파르탄버그(GSP),28.0,0.0,381.0,0.0,,,,False
2023,인천(ICN),그린빌-스파르탄버그(GSP),인천(ICN)-그린빌-스파르탄버그(GSP),258.0,0.0,3720.0,0.0,,821.43,876.38,False
2024,인천(ICN),그린빌-스파르탄버그(GSP),인천(ICN)-그린빌-스파르탄버그(GSP),114.0,0.0,1830.0,0.0,,-55.81,-50.81,False
2021,인천(ICN),김해(PUS),인천(ICN)-김해(PUS),0.0,0.0,0.0,0.0,,,,False
2022,인천(ICN),김해(PUS),인천(ICN)-김해(PUS),186.0,20751.0,429.0,111.56,inf,inf,inf,False
2023,인천(ICN),김해(PUS),인천(ICN)-김해(PUS),1273.0,157896.0,3109.0,124.03,660.91,584.41,624.71,False
2024,인천(ICN),김해(PUS),인천(ICN)-김해(PUS),1798.0,200770.0,3987.0,111.66,27.15,41.24,28.24,False
2025,인천(ICN),김해(PUS),인천(ICN)-김해(PUS),1889.0,219895.0,4380.0,116.41,9.53,5.06,9.86,False
2021,인천(ICN),껀터(VCA),인천(ICN)-껀터(VCA),6.0,1064.0,20.0,177.33,,,,False
2022,인천(ICN),껀터(VCA),인천(ICN)-껀터(VCA),10.0,1029.0,17.0,102.9,-3.29,66.67,-15.0,False
2023,인천(ICN),껀터(VCA),인천(ICN)-껀터(VCA),368.0,48816.0,955.0,132.65,4644.02,3580.0,5517.65,False
2024,인천(ICN),껀터(VCA),인천(ICN)-껀터(VCA),80.0,11192.0,218.0,139.9,-77.07,-78.26,-77.17,False
2024,인천(ICN),나가사키(NGS),인천(ICN)-나가사키(NGS),83.0,10725.0,127.0,129.22,,,,False
2025,인천(ICN),나가사키(NGS),인천(ICN)-나가사키(NGS),330.0,43946.0,572.0,133.17,309.75,297.59,350.39,False
2021,인천(ICN),나고야(NGO),인천(ICN)-나고야(NGO),582.0,6600.0,34615.0,11.34,,,,True
2022,인천(ICN),나고야(NGO),인천(ICN)-나고야(NGO),821.0,78147.0,32394.0,95.19,1084.05,41.07,-6.42,True
2023,인천(ICN),나고야(NGO),인천(ICN)-나고야(NGO),4432.0,705079.0,27375.0,159.09,802.25,439.83,-15.49,True
2024,인천(ICN),나고야(NGO),인천(ICN)-나고야(NGO),6067.0,1019004.0,35786.0,167.96,44.52,36.89,30.73,True
2025,인천(ICN),나고야(NGO),인천(ICN)-나고야(NGO),6095.0,1078740.0,32817.0,176.99,5.86,0.46,-8.3,True
2023,인천(ICN),나디(NAN),인천(ICN)-나디(NAN),1.0,5.0,0.0,5.0,,,,False
2022,인천(ICN),나보이(NVI),인천(ICN)-나보이(NVI),1.0,0.0,83.0,0.0,,,,False
2022,인천(ICN),나쉬빌(BNA),인천(ICN)-나쉬빌(BNA),8.0,0.0,0.0,0.0,,,,False
2023,인천(ICN),나쉬빌(BNA),인천(ICN)-나쉬빌(BNA),81.0,0.0,701.0,0.0,,912.5,inf,False
2024,인천(ICN),나쉬빌(BNA),인천(ICN)-나쉬빌(BNA),77.0,0.0,738.0,0.0,,-4.94,5.28,False
2025,인천(ICN),나쉬빌(BNA),인천(ICN)-나쉬빌(BNA),37.0,0.0,178.0,0.0,,-51.95,-75.88,False
2023,인천(ICN),나우루(INU),인천(ICN)-나우루(INU),3.0,12.0,0.0,4.0,,,,False
2024,인천(ICN),나우루(INU),인천(ICN)-나우루(INU),1.0,5.0,0.0,5.0,-58.33,-66.67,,False
2022,인천(ICN),나이로비(NBO),인천(ICN)-나이로비(NBO),0.0,0.0,0.0,0.0,,,,False
2023,인천(ICN),나이로비(NBO),인천(ICN)-나이로비(NBO),1.0,0.0,0.0,0.0,,inf,,False
2025,인천(ICN),나이로비(NBO),인천(ICN)-나이로비(NBO),1.0,0.0,0.0,0.0,,0.0,,False
2021,인천(ICN),나트랑캄란(CXR),인천(ICN)-나트랑캄란(CXR),27.0,4177.0,149.0,154.7,,,,False
2022,인천(ICN),나트랑캄란(CXR),인천(ICN)-나트랑캄란(CXR),1297.0,213093.0,2131.0,164.3,5001.58,4703.7,1330.2,False
2023,인천(ICN),나트랑캄란(CXR),인천(ICN)-나트랑캄란(CXR),6777.0,1233395.0,13697.0,182.0,478.81,422.51,542.75,False
2024,인천(ICN),나트랑캄란(CXR),인천(ICN)-나트랑캄란(CXR),9439.0,1752945.0,19520.0,185.71,42.12,39.28,42.51,False
2025,인천(ICN),나트랑캄란(CXR),인천(ICN)-나트랑캄란(CXR),8496.0,1575227.0,18519.0,185.41,-10.14,-9.99,-5.13,False
2021,인천(ICN),난징(NKG),인천(ICN)-난징(NKG),66.0,11901.0,507.0,180.32,,,,False
2022,인천(ICN),난징(NKG),인천(ICN)-난징(NKG),172.0,23122.0,890.0,134.43,94.29,160.61,75.54,False
2023,인천(ICN),난징(NKG),인천(ICN)-난징(NKG),1436.0,168856.0,3893.0,117.59,630.28,734.88,337.42,False
2024,인천(ICN),난징(NKG),인천(ICN)-난징(NKG),2281.0,266831.0,4366.0,116.98,58.02,58.84,12.15,False
2025,인천(ICN),난징(NKG),인천(ICN)-난징(NKG),2610.0,351688.0,6232.0,134.75,31.8,14.42,42.74,False
2024,인천(ICN),난퉁(NTG),인천(ICN)-난퉁(NTG),160.0,0.0,1261.0,0.0,,,,False
2025,인천(ICN),난퉁(NTG),인천(ICN)-난퉁(NTG),228.0,0.0,1781.0,0.0,,42.5,41.24,False
2021,인천(ICN),노보시비르스크(OVB),인천(ICN)-노보시비르스크(OVB),62.0,3325.0,363.0,53.63,,,,False
2022,인천(ICN),노보시비르스크(OVB),인천(ICN)-노보시비르스크(OVB),18.0,924.0,39.0,51.33,-72.21,-70.97,-89.26,False
2024,인천(ICN),누르술탄 나자르바예프(NQZ),인천(ICN)-누르술탄 나자르바예프(NQZ),122.0,14354.0,273.0,117.66,,,,False
2025,인천(ICN),누르술탄 나자르바예프(NQZ),인천(ICN)-누르술탄 나자르바예프(NQZ),250.0,29821.0,540.0,119.28,107.75,104.92,97.8,False
2021,인천(ICN),뉴왁(EWR),인천(ICN)-뉴왁(EWR),42.0,0.0,0.0,0.0,,,,False
2022,인천(ICN),뉴왁(EWR),인천(ICN)-뉴왁(EWR),54.0,0.0,0.0,0.0,,28.57,,False
2023,인천(ICN),뉴왁(EWR),인천(ICN)-뉴왁(EWR),264.0,70689.0,2729.0,267.76,inf,388.89,inf,False
2024,인천(ICN),뉴왁(EWR),인천(ICN)-뉴왁(EWR),451.0,124068.0,4860.0,275.1,75.51,70.83,78.09,False
2025,인천(ICN),뉴왁(EWR),인천(ICN)-뉴왁(EWR),611.0,148439.0,6241.0,242.94,19.64,35.48,28.42,False
2021,인천(ICN),뉴욕 JFK(JFK),인천(ICN)-뉴욕 JFK(JFK),3426.0,133185.0,90360.0,38.87,,,,False
2022,인천(ICN),뉴욕 JFK(JFK),인천(ICN)-뉴욕 JFK(JFK),3334.0,437074.0,83055.0,131.1,228.17,-2.69,-8.08,False
2023,인천(ICN),뉴욕 JFK(JFK),인천(ICN)-뉴욕 JFK(JFK),3592.0,711478.0,73270.0,198.07,62.78,7.74,-11.78,False
2024,인천(ICN),뉴욕 JFK(JFK),인천(ICN)-뉴욕 JFK(JFK),3687.0,786112.0,74276.0,213.21,10.49,2.64,1.37,False
2025,인천(ICN),뉴욕 JFK(JFK),인천(ICN)-뉴욕 JFK(JFK),3647.0,784564.0,73212.0,215.13,-0.2,-1.08,-1.43,False
2023,인천(ICN),니이가타(KIJ),인천(ICN)-니이가타(KIJ),52.0,5762.0,67.0,110.81,,,,False
2024,인천(ICN),니이가타(KIJ),인천(ICN)-니이가타(KIJ),314.0,35756.0,444.0,113.87,520.55,503.85,562.69,False
2025,인천(ICN),니이가타(KIJ),인천(ICN)-니이가타(KIJ),312.0,42194.0,531.0,135.24,18.01,-0.64,19.59,False
2021,인천(ICN),니쯔네바토브스크(NJC),인천(ICN)-니쯔네바토브스크(NJC),0.0,0.0,0.0,0.0,,,,False
2022,인천(ICN),니쯔네바토브스크(NJC),인천(ICN)-니쯔네바토브스크(NJC),0.0,0.0,0.0,0.0,,,,False
2021,인천(ICN),닝보(NGB),인천(ICN)-닝보(NGB),56.0,4308.0,82.0,76.93,,,,False
2022,인천(ICN),닝보(NGB),인천(ICN)-닝보(NGB),2.0,0.0,0.0,0.0,-100.0,-96.43,-100.0,False
2023,인천(ICN),닝보(NGB),인천(ICN)-닝보(NGB),170.0,0.0,2103.0,0.0,,8400.0,inf,False
2024,인천(ICN),닝보(NGB),인천(ICN)-닝보(NGB),560.0,0.0,9061.0,0.0,,229.41,330.86,False
2022,인천(ICN),다가마스(TAK),인천(ICN)-다가마스(TAK),34.0,6063.0,57.0,178.32,,,,False
2023,인천(ICN),다가마스(TAK),인천(ICN)-다가마스(TAK),663.0,116935.0,958.0,176.37,1828.67,1850.0,1580.7,False
2024,인천(ICN),다가마스(TAK),인천(ICN)-다가마스(TAK),1058.0,177988.0,1453.0,168.23,52.21,59.58,51.67,False
2025,인천(ICN),다가마스(TAK),인천(ICN)-다가마스(TAK),1310.0,215017.0,1830.0,164.14,20.8,23.82,25.95,False
2021,인천(ICN),다낭(DAD),인천(ICN)-다낭(DAD),73.0,14531.0,594.0,199.05,,,,False
2022,인천(ICN),다낭(DAD),인천(ICN)-다낭(DAD),3445.0,546521.0,7137.0,158.64,3661.07,4619.18,1101.52,False
2023,인천(ICN),다낭(DAD),인천(ICN)-다낭(DAD),11153.0,1990749.0,26826.0,178.49,264.26,223.74,275.87,False
2024,인천(ICN),다낭(DAD),인천(ICN)-다낭(DAD),11044.0,2102001.0,34069.0,190.33,5.59,-0.98,27.0,False
2025,인천(ICN),다낭(DAD),인천(ICN)-다낭(DAD),10387.0,2054212.0,37407.0,197.77,-2.27,-5.95,9.8,False
2023,인천(ICN),다싱(PKX),인천(ICN)-다싱(PKX),829.0,137571.0,3516.0,165.95,,,,False
2024,인천(ICN),다싱(PKX),인천(ICN)-다싱(PKX),1472.0,230955.0,4899.0,156.9,67.88,77.56,39.33,False
2025,인천(ICN),다싱(PKX),인천(ICN)-다싱(PKX),1998.0,315105.0,6200.0,157.71,36.44,35.73,26.56,False
2021,인천(ICN),다카(DAC),인천(ICN)-다카(DAC),49.0,3264.0,126.0,66.61,,,,False
2022,인천(ICN),다카(DAC),인천(ICN)-다카(DAC),104.0,12617.0,448.0,121.32,286.55,112.24,255.56,False
2023,인천(ICN),다카(DAC),인천(ICN)-다카(DAC),112.0,15035.0,529.0,134.24,19.16,7.69,18.08,False
2024,인천(ICN),다카(DAC),인천(ICN)-다카(DAC),90.0,18972.0,861.0,210.8,26.19,-19.64,62.76,False
2025,인천(ICN),다카(DAC),인천(ICN)-다카(DAC),46.0,8330.0,540.0,181.09,-56.09,-48.89,-37.28,False
2021,인천(ICN),다카르(DKR),인천(ICN)-다카르(DKR),2.0,0.0,36.0,0.0,,,,False
2021,인천(ICN),달라스(DFW),인천(ICN)-달라스(DFW),1905.0,81764.0,54676.0,42.92,,,,False
2022,인천(ICN),달라스(DFW),인천(ICN)-달라스(DFW),1682.0,210691.0,51790.0,125.26,157.68,-11.71,-5.28,False
2023,인천(ICN),달라스(DFW),인천(ICN)-달라스(DFW),1500.0,293628.0,44257.0,195.75,39.36,-10.82,-14.55,False
2024,인천(ICN),달라스(DFW),인천(ICN)-달라스(DFW),1709.0,347005.0,47039.0,203.05,18.18,13.93,6.29,False
2025,인천(ICN),달라스(DFW),인천(ICN)-달라스(DFW),1798.0,354249.0,44234.0,197.02,2.09,5.21,-5.96,False
2022,인천(ICN),달랏(DLI),인천(ICN)-달랏(DLI),37.0,4532.0,68.0,122.49,,,,False
2023,인천(ICN),달랏(DLI),인천(ICN)-달랏(DLI),607.0,74482.0,786.0,122.71,1543.47,1540.54,1055.88,False
2024,인천(ICN),달랏(DLI),인천(ICN)-달랏(DLI),963.0,136760.0,1466.0,142.01,83.61,58.65,86.51,False
2025,인천(ICN),달랏(DLI),인천(ICN)-달랏(DLI),202.0,21449.0,269.0,106.18,-84.32,-79.02,-81.65,False
2021,인천(ICN),담맘(DMM),인천(ICN)-담맘(DMM),1.0,0.0,38.0,0.0,,,,False
2021,인천(ICN),대구(TAE),인천(ICN)-대구(TAE),0.0,0.0,0.0,0.0,,,,False
2022,인천(ICN),대구(TAE),인천(ICN)-대구(TAE),0.0,0.0,0.0,0.0,,,,False
2023,인천(ICN),대구(TAE),인천(ICN)-대구(TAE),244.0,14105.0,283.0,57.81,inf,inf,inf,False
2024,인천(ICN),대구(TAE),인천(ICN)-대구(TAE),364.0,27016.0,551.0,74.22,91.53,49.18,94.7,False
2025,인천(ICN),대구(TAE),인천(ICN)-대구(TAE),365.0,27953.0,582.0,76.58,3.47,0.27,5.63,False
2021,인천(ICN),대련(DLC),인천(ICN)-대련(DLC),806.0,19150.0,11011.0,23.76,,,,False
2022,인천(ICN),대련(DLC),인천(ICN)-대련(DLC),1052.0,12189.0,11565.0,11.59,-36.35,30.52,5.03,False
2023,인천(ICN),대련(DLC),인천(ICN)-대련(DLC),2100.0,249125.0,13151.0,118.63,1943.85,99.62,13.71,False
2024,인천(ICN),대련(DLC),인천(ICN)-대련(DLC),3028.0,398620.0,13634.0,131.64,60.01,44.19,3.67,False
2025,인천(ICN),대련(DLC),인천(ICN)-대련(DLC),3492.0,532210.0,13229.0,152.41,33.51,15.32,-2.97,False
2025,인천(ICN),대퉁(DAT),인천(ICN)-대퉁(DAT),54.0,7109.0,65.0,131.65,,,,False
2023,인천(ICN),데푸타두 루이스 에두아루두 마갈량이스(SSA),인천(ICN)-데푸타두 루이스 에두아루두 마갈량이스(SSA),1.0,0.0,73.0,0.0,,,,False
2022,인천(ICN),덴파사(DPS),인천(ICN)-덴파사(DPS),401.0,97311.0,1755.0,242.67,,,,False
2023,인천(ICN),덴파사(DPS),인천(ICN)-덴파사(DPS),1189.0,294088.0,5808.0,247.34,202.21,196.51,230.94,False
2024,인천(ICN),덴파사(DPS),인천(ICN)-덴파사(DPS),1902.0,437396.0,9157.0,229.97,48.73,59.97,57.66,False
2025,인천(ICN),덴파사(DPS),인천(ICN)-덴파사(DPS),2810.0,579031.0,12408.0,206.06,32.38,47.74,35.5,False
2021,인천(ICN),델리(DEL),인천(ICN)-델리(DEL),320.0,8651.0,4004.0,27.03,,,,False
2022,인천(ICN),델리(DEL),인천(ICN)-델리(DEL),577.0,92908.0,7463.0,161.02,973.96,80.31,86.39,False
2023,인천(ICN),델리(DEL),인천(ICN)-델리(DEL),1032.0,187282.0,11490.0,181.47,101.58,78.86,53.96,False
2024,인천(ICN),델리(DEL),인천(ICN)-델리(DEL),875.0,175490.0,11496.0,200.56,-6.3,-15.21,0.05,False
2025,인천(ICN),델리(DEL),인천(ICN)-델리(DEL),807.0,167035.0,12660.0,206.98,-4.82,-7.77,10.13,False
2021,인천(ICN),도모데도보(DME),인천(ICN)-도모데도보(DME),100.0,0.0,7397.0,0.0,,,,False
2022,인천(ICN),도모데도보(DME),인천(ICN)-도모데도보(DME),8.0,0.0,862.0,0.0,,-92.0,-88.35,False
2023,인천(ICN),도야마(TOY),인천(ICN)-도야마(TOY),84.0,12593.0,121.0,149.92,,,,False
2024,인천(ICN),도야마(TOY),인천(ICN)-도야마(TOY),120.0,17002.0,175.0,141.68,35.01,42.86,44.63,False
2025,인천(ICN),도야마(TOY),인천(ICN)-도야마(TOY),28.0,4571.0,53.0,163.25,-73.11,-76.67,-69.71,False
2021,인천(ICN),도쿄 나리타(NRT),인천(ICN)-도쿄 나리타(NRT),5196.0,94379.0,186861.0,18.16,,,,True
2022,인천(ICN),도쿄 나리타(NRT),인천(ICN)-도쿄 나리타(NRT),8251.0,852989.0,177475.0,103.38,803.79,58.8,-5.02,True
2023,인천(ICN),도쿄 나리타(NRT),인천(ICN)-도쿄 나리타(NRT),20666.0,3654075.0,180936.0,176.82,328.38,150.47,1.95,True
2024,인천(ICN),도쿄 나리타(NRT),인천(ICN)-도쿄 나리타(NRT),25754.0,4824120.0,198566.0,187.32,32.02,24.62,9.74,True
2025,인천(ICN),도쿄 나리타(NRT),인천(ICN)-도쿄 나리타(NRT),24960.0,4617603.0,213172.0,185.0,-4.28,-3.08,7.36,True
2021,인천(ICN),도쿄 하네다(HND),인천(ICN)-도쿄 하네다(HND),1.0,87.0,3.0,87.0,,,,True
2022,인천(ICN),도쿄 하네다(HND),인천(ICN)-도쿄 하네다(HND),125.0,17148.0,152.0,137.18,19610.34,12400.0,4966.67,True
2023,인천(ICN),도쿄 하네다(HND),인천(ICN)-도쿄 하네다(HND),1402.0,225247.0,2376.0,160.66,1213.55,1021.6,1463.16,True
2024,인천(ICN),도쿄 하네다(HND),인천(ICN)-도쿄 하네다(HND),2192.0,356727.0,3881.0,162.74,58.37,56.35,63.34,True
2025,인천(ICN),도쿄 하네다(HND),인천(ICN)-도쿄 하네다(HND),2195.0,421888.0,7169.0,192.2,18.27,0.14,84.72,True
2024,인천(ICN),도쿠시마(TKS),인천(ICN)-도쿠시마(TKS),6.0,1075.0,7.0,179.17,,,,False
2025,인천(ICN),도쿠시마(TKS),인천(ICN)-도쿠시마(TKS),312.0,45186.0,311.0,144.83,4103.35,5100.0,4342.86,False
2021,인천(ICN),도하(DOH),인천(ICN)-도하(DOH),1237.0,96514.0,59739.0,78.02,,,,False
2022,인천(ICN),도하(DOH),인천(ICN)-도하(DOH),1146.0,228815.0,55556.0,199.66,137.08,-7.36,-7.0,False
2023,인천(ICN),도하(DOH),인천(ICN)-도하(DOH),1133.0,263969.0,47271.0,232.98,15.36,-1.13,-14.91,False
2024,인천(ICN),도하(DOH),인천(ICN)-도하(DOH),1214.0,276194.0,46155.0,227.51,4.63,7.15,-2.36,False
2025,인천(ICN),도하(DOH),인천(ICN)-도하(DOH),1219.0,283791.0,45955.0,232.81,2.75,0.41,-0.43,False
2021,인천(ICN),돈무앙(DMK),인천(ICN)-돈무앙(DMK),56.0,0.0,1299.0,0.0,,,,False
2023,인천(ICN),돈무앙(DMK),인천(ICN)-돈무앙(DMK),374.0,62572.0,489.0,167.3,inf,567.86,-62.36,False
2024,인천(ICN),돈무앙(DMK),인천(ICN)-돈무앙(DMK),351.0,92781.0,1198.0,264.33,48.28,-6.15,144.99,False
2025,인천(ICN),돈무앙(DMK),인천(ICN)-돈무앙(DMK),672.0,168080.0,6650.0,250.12,81.16,91.45,455.09,False
2022,인천(ICN),동커스터 셰필드(DSA),인천(ICN)-동커스터 셰필드(DSA),1.0,0.0,0.0,0.0,,,,False
2021,인천(ICN),두바이(DXB),인천(ICN)-두바이(DXB),844.0,98682.0,18215.0,116.92,,,,False
2022,인천(ICN),두바이(DXB),인천(ICN)-두바이(DXB),829.0,282803.0,17602.0,341.14,186.58,-1.78,-3.37,False
2023,인천(ICN),두바이(DXB),인천(ICN)-두바이(DXB),1366.0,445632.0,18556.0,326.23,57.58,64.78,5.42,False
2024,인천(ICN),두바이(DXB),인천(ICN)-두바이(DXB),1716.0,518868.0,24988.0,302.37,16.43,25.62,34.66,False
2025,인천(ICN),두바이(DXB),인천(ICN)-두바이(DXB),1708.0,537579.0,26330.0,314.74,3.61,-0.47,5.37,False
2022,인천(ICN),두브로브니크(DBV),인천(ICN)-두브로브니크(DBV),6.0,1249.0,25.0,208.17,,,,False
2024,인천(ICN),둔황(DNH),인천(ICN)-둔황(DNH),8.0,761.0,11.0,95.12,,,,False
2021,인천(ICN),뒤셀도르프(DUS),인천(ICN)-뒤셀도르프(DUS),1.0,0.0,0.0,0.0,,,,False
2021,인천(ICN),디트로이트(DTW),인천(ICN)-디트로이트(DTW),538.0,49455.0,7603.0,91.92,,,,False
2022,인천(ICN),디트로이트(DTW),인천(ICN)-디트로이트(DTW),544.0,134047.0,6805.0,246.41,171.05,1.12,-10.5,False
2023,인천(ICN),디트로이트(DTW),인천(ICN)-디트로이트(DTW),726.0,190728.0,8536.0,262.71,42.28,33.46,25.44,False
2024,인천(ICN),디트로이트(DTW),인천(ICN)-디트로이트(DTW),728.0,189291.0,8552.0,260.02,-0.75,0.28,0.19,False
2025,인천(ICN),디트로이트(DTW),인천(ICN)-디트로이트(DTW),729.0,183429.0,9650.0,251.62,-3.1,0.14,12.84,False
2023,인천(ICN),따이쭝(RMQ),인천(ICN)-따이쭝(RMQ),34.0,4224.0,47.0,124.24,,,,False
2024,인천(ICN),따이쭝(RMQ),인천(ICN)-따이쭝(RMQ),811.0,129507.0,1545.0,159.69,2965.98,2285.29,3187.23,False
2025,인천(ICN),따이쭝(RMQ),인천(ICN)-따이쭝(RMQ),1862.0,288972.0,3557.0,155.19,123.13,129.59,130.23,False
2025,인천(ICN),라고스(LOS),인천(ICN)-라고스(LOS),0.0,0.0,0.0,0.0,,,,False
2022,인천(ICN),라스베가스(LAS),인천(ICN)-라스베가스(LAS),173.0,32128.0,1451.0,185.71,,,,False
2023,인천(ICN),라스베가스(LAS),인천(ICN)-라스베가스(LAS),430.0,110954.0,5541.0,258.03,245.35,148.55,281.87,False
2024,인천(ICN),라스베가스(LAS),인천(ICN)-라스베가스(LAS),584.0,148792.0,7925.0,254.78,34.1,35.81,43.02,False
2025,인천(ICN),라스베가스(LAS),인천(ICN)-라스베가스(LAS),751.0,186850.0,9056.0,248.8,25.58,28.6,14.27,False
2021,인천(ICN),라이프치히(LEJ),인천(ICN)-라이프치히(LEJ),777.0,0.0,25152.0,0.0,,,,False
2022,인천(ICN),라이프치히(LEJ),인천(ICN)-라이프치히(LEJ),1718.0,0.0,24553.0,0.0,,121.11,-2.38,False
2023,인천(ICN),라이프치히(LEJ),인천(ICN)-라이프치히(LEJ),875.0,0.0,21052.0,0.0,,-49.07,-14.26,False
2024,인천(ICN),라이프치히(LEJ),인천(ICN)-라이프치히(LEJ),769.0,0.0,24277.0,0.0,,-12.11,15.32,False
2025,인천(ICN),라이프치히(LEJ),인천(ICN)-라이프치히(LEJ),751.0,0.0,26438.0,0.0,,-2.34,8.9,False
2021,인천(ICN),랑군(RGN),인천(ICN)-랑군(RGN),393.0,31418.0,1703.0,79.94,,,,False
2022,인천(ICN),랑군(RGN),인천(ICN)-랑군(RGN),446.0,40971.0,1895.0,91.86,30.41,13.49,11.27,False
2023,인천(ICN),랑군(RGN),인천(ICN)-랑군(RGN),540.0,59572.0,2708.0,110.32,45.4,21.08,42.9,False
2024,인천(ICN),랑군(RGN),인천(ICN)-랑군(RGN),566.0,62610.0,2669.0,110.62,5.1,4.81,-1.44,False
2025,인천(ICN),랑군(RGN),인천(ICN)-랑군(RGN),510.0,59432.0,2384.0,116.53,-5.08,-9.89,-10.68,False
2023,인천(ICN),랑카위(LGK),인천(ICN)-랑카위(LGK),1.0,71.0,2.0,71.0,,,,False
2025,인천(ICN),랭글리 공군기지(LFI),인천(ICN)-랭글리 공군기지(LFI),0.0,0.0,0.0,0.0,,,,False
2021,인천(ICN),런던개트윅(LGW),인천(ICN)-런던개트윅(LGW),1.0,0.0,32.0,0.0,,,,False
2021,인천(ICN),런던히드로(LHR),인천(ICN)-런던히드로(LHR),804.0,20949.0,26822.0,26.06,,,,False
2022,인천(ICN),런던히드로(LHR),인천(ICN)-런던히드로(LHR),1088.0,154220.0,28742.0,141.75,636.17,35.32,7.16,False
2023,인천(ICN),런던히드로(LHR),인천(ICN)-런던히드로(LHR),1693.0,352696.0,34856.0,208.33,128.7,55.61,21.27,False
2024,인천(ICN),런던히드로(LHR),인천(ICN)-런던히드로(LHR),1611.0,365902.0,28826.0,227.13,3.74,-4.84,-17.3,False
2025,인천(ICN),런던히드로(LHR),인천(ICN)-런던히드로(LHR),1653.0,359158.0,28176.0,217.28,-1.84,2.61,-2.25,False
2022,인천(ICN),로마 파우미치노(FCO),인천(ICN)-로마 파우미치노(FCO),241.0,59134.0,2796.0,245.37,,,,False
2023,인천(ICN),로마 파우미치노(FCO),인천(ICN)-로마 파우미치노(FCO),1038.0,265551.0,11675.0,255.83,349.07,330.71,317.56,False
2024,인천(ICN),로마 파우미치노(FCO),인천(ICN)-로마 파우미치노(FCO),1256.0,321598.0,16059.0,256.05,21.11,21.0,37.55,False
2025,인천(ICN),로마 파우미치노(FCO),인천(ICN)-로마 파우미치노(FCO),1352.0,342549.0,14082.0,253.36,6.51,7.64,-12.31,False
2021,인천(ICN),로스앤젤레스(LAX),인천(ICN)-로스앤젤레스(LAX),9687.0,211806.0,238544.0,21.86,,,,False
2022,인천(ICN),로스앤젤레스(LAX),인천(ICN)-로스앤젤레스(LAX),7932.0,672669.0,200990.0,84.8,217.59,-18.12,-15.74,False
2023,인천(ICN),로스앤젤레스(LAX),인천(ICN)-로스앤젤레스(LAX),6318.0,1185868.0,196769.0,187.7,76.29,-20.35,-2.1,False
2024,인천(ICN),로스앤젤레스(LAX),인천(ICN)-로스앤젤레스(LAX),6574.0,1306330.0,201820.0,198.71,10.16,4.05,2.57,False
2025,인천(ICN),로스앤젤레스(LAX),인천(ICN)-로스앤젤레스(LAX),6095.0,1233763.0,177502.0,202.42,-5.56,-7.29,-12.05,False
2022,인천(ICN),로타 나발 스테이션(ROZ),인천(ICN)-로타 나발 스테이션(ROZ),1.0,0.0,0.0,0.0,,,,False
2021,인천(ICN),루이즈빌(SDF),인천(ICN)-루이즈빌(SDF),771.0,0.0,141.0,0.0,,,,False
2022,인천(ICN),루이즈빌(SDF),인천(ICN)-루이즈빌(SDF),993.0,0.0,77.0,0.0,,28.79,-45.39,False
2023,인천(ICN),루이즈빌(SDF),인천(ICN)-루이즈빌(SDF),711.0,0.0,131.0,0.0,,-28.4,70.13,False
2024,인천(ICN),루이즈빌(SDF),인천(ICN)-루이즈빌(SDF),864.0,0.0,180.0,0.0,,21.52,37.4,False
2025,인천(ICN),루이즈빌(SDF),인천(ICN)-루이즈빌(SDF),948.0,0.0,27.0,0.0,,9.72,-85.0,False
2021,인천(ICN),룩셈부르크(LUX),인천(ICN)-룩셈부르크(LUX),401.0,0.0,21198.0,0.0,,,,False
2022,인천(ICN),룩셈부르크(LUX),인천(ICN)-룩셈부르크(LUX),335.0,0.0,21862.0,0.0,,-16.46,3.13,False
2023,인천(ICN),룩셈부르크(LUX),인천(ICN)-룩셈부르크(LUX),311.0,0.0,17778.0,0.0,,-7.16,-18.68,False
2024,인천(ICN),룩셈부르크(LUX),인천(ICN)-룩셈부르크(LUX),312.0,0.0,16390.0,0.0,,0.32,-7.81,False
2025,인천(ICN),룩셈부르크(LUX),인천(ICN)-룩셈부르크(LUX),301.0,0.0,18562.0,0.0,,-3.53,13.25,False
2021,인천(ICN),리마(LIM),인천(ICN)-리마(LIM),0.0,0.0,2520.0,0.0,,,,False
2022,인천(ICN),리마(LIM),인천(ICN)-리마(LIM),0.0,0.0,2703.0,0.0,,,7.26,False
2023,인천(ICN),리마(LIM),인천(ICN)-리마(LIM),0.0,0.0,2573.0,0.0,,,-4.81,False
2024,인천(ICN),리마(LIM),인천(ICN)-리마(LIM),0.0,0.0,2051.0,0.0,,,-20.29,False
2025,인천(ICN),리마(LIM),인천(ICN)-리마(LIM),0.0,0.0,2728.0,0.0,,,33.01,False
2022,인천(ICN),리스본(LIS),인천(ICN)-리스본(LIS),1.0,0.0,0.0,0.0,,,,False
2024,인천(ICN),리스본(LIS),인천(ICN)-리스본(LIS),94.0,21813.0,898.0,232.05,inf,9300.0,inf,False
2025,인천(ICN),리스본(LIS),인천(ICN)-리스본(LIS),313.0,76452.0,2686.0,244.26,250.49,232.98,199.11,False
2021,인천(ICN),리야드(RUH),인천(ICN)-리야드(RUH),78.0,0.0,1030.0,0.0,,,,False
2022,인천(ICN),리야드(RUH),인천(ICN)-리야드(RUH),74.0,17443.0,2004.0,235.72,inf,-5.13,94.56,False
2023,인천(ICN),리야드(RUH),인천(ICN)-리야드(RUH),163.0,42845.0,2469.0,262.85,145.63,120.27,23.2,False
2024,인천(ICN),리야드(RUH),인천(ICN)-리야드(RUH),130.0,18555.0,1446.0,142.73,-56.69,-20.25,-41.43,False
2021,인천(ICN),리에쥬 비어셋(LGG),인천(ICN)-리에쥬 비어셋(LGG),14.0,0.0,587.0,0.0,,,,False
2022,인천(ICN),리에쥬 비어셋(LGG),인천(ICN)-리에쥬 비어셋(LGG),44.0,0.0,167.0,0.0,,214.29,-71.55,False
2023,인천(ICN),리에쥬 비어셋(LGG),인천(ICN)-리에쥬 비어셋(LGG),3.0,0.0,4734.0,0.0,,-93.18,2734.73,False
2024,인천(ICN),리에쥬 비어셋(LGG),인천(ICN)-리에쥬 비어셋(LGG),0.0,0.0,4474.0,0.0,,-100.0,-5.49,False
2025,인천(ICN),리에쥬 비어셋(LGG),인천(ICN)-리에쥬 비어셋(LGG),0.0,0.0,1240.0,0.0,,,-72.28,False
2021,인천(ICN),리켄백(LCK),인천(ICN)-리켄백(LCK),1111.0,0.0,21825.0,0.0,,,,False
2022,인천(ICN),리켄백(LCK),인천(ICN)-리켄백(LCK),534.0,0.0,10232.0,0.0,,-51.94,-53.12,False
2021,인천(ICN),린이(LYI),인천(ICN)-린이(LYI),138.0,0.0,557.0,0.0,,,,False
2024,인천(ICN),린이(LYI),인천(ICN)-린이(LYI),278.0,1459.0,1960.0,5.25,inf,101.45,251.89,False
2021,인천(ICN),린츠(LNZ),인천(ICN)-린츠(LNZ),1.0,0.0,0.0,0.0,,,,False
2023,인천(ICN),마나도(MDC),인천(ICN)-마나도(MDC),2.0,333.0,5.0,166.5,,,,False
2025,인천(ICN),마나도(MDC),인천(ICN)-마나도(MDC),85.0,9913.0,116.0,116.62,2876.88,4150.0,2220.0,False
2021,인천(ICN),마나스(FRU),인천(ICN)-마나스(FRU),0.0,0.0,0.0,0.0,,,,False
2022,인천(ICN),마나스(FRU),인천(ICN)-마나스(FRU),44.0,3207.0,167.0,72.89,inf,inf,inf,False
2023,인천(ICN),마나스(FRU),인천(ICN)-마나스(FRU),58.0,8496.0,289.0,146.48,164.92,31.82,73.05,False
2024,인천(ICN),마나스(FRU),인천(ICN)-마나스(FRU),183.0,43574.0,1665.0,238.11,412.88,215.52,476.12,False
2025,인천(ICN),마나스(FRU),인천(ICN)-마나스(FRU),149.0,17521.0,340.0,117.59,-59.79,-18.58,-79.58,False
2023,인천(ICN),마나우스-에두아르도고메즈(MAO),인천(ICN)-마나우스-에두아르도고메즈(MAO),1.0,0.0,38.0,0.0,,,,False
2021,인천(ICN),마닐라(MNL),인천(ICN)-마닐라(MNL),2281.0,104223.0,37017.0,45.69,,,,False
2022,인천(ICN),마닐라(MNL),인천(ICN)-마닐라(MNL),4364.0,775856.0,48013.0,177.79,644.42,91.32,29.71,False
2023,인천(ICN),마닐라(MNL),인천(ICN)-마닐라(MNL),7905.0,1562580.0,56976.0,197.67,101.4,81.14,18.67,False
2024,인천(ICN),마닐라(MNL),인천(ICN)-마닐라(MNL),8363.0,1746556.0,61891.0,208.84,11.77,5.79,8.63,False
2025,인천(ICN),마닐라(MNL),인천(ICN)-마닐라(MNL),8518.0,1763973.0,63152.0,207.09,1.0,1.85,2.04,False
2021,인천(ICN),마드리드(MAD),인천(ICN)-마드리드(MAD),260.0,0.0,20080.0,0.0,,,,False
2022,인천(ICN),마드리드(MAD),인천(ICN)-마드리드(MAD),256.0,0.0,18886.0,0.0,,-1.54,-5.95,False
2023,인천(ICN),마드리드(MAD),인천(ICN)-마드리드(MAD),426.0,52514.0,18368.0,123.27,inf,66.41,-2.74,False
2024,인천(ICN),마드리드(MAD),인천(ICN)-마드리드(MAD),550.0,80649.0,22261.0,146.63,53.58,29.11,21.19,False
2025,인천(ICN),마드리드(MAD),인천(ICN)-마드리드(MAD),618.0,100997.0,21237.0,163.43,25.23,12.36,-4.6,False
2023,인천(ICN),마르세이유-프로방스(MRS),인천(ICN)-마르세이유-프로방스(MRS),6.0,1252.0,21.0,208.67,,,,False
2024,인천(ICN),마르세이유-프로방스(MRS),인천(ICN)-마르세이유-프로방스(MRS),8.0,2037.0,33.0,254.62,62.7,33.33,57.14,False
2025,인천(ICN),마르세이유-프로방스(MRS),인천(ICN)-마르세이유-프로방스(MRS),8.0,2252.0,41.0,281.5,10.55,0.0,24.24,False
2022,인천(ICN),마르켈쿤하마차도(SLZ),인천(ICN)-마르켈쿤하마차도(SLZ),1.0,0.0,18.0,0.0,,,,False
2025,인천(ICN),마스트리흐트 아헨(MST),인천(ICN)-마스트리흐트 아헨(MST),0.0,0.0,121.0,0.0,,,,False
2021,인천(ICN),마이애미(MIA),인천(ICN)-마이애미(MIA),347.0,0.0,25864.0,0.0,,,,False
2022,인천(ICN),마이애미(MIA),인천(ICN)-마이애미(MIA),804.0,0.0,20620.0,0.0,,131.7,-20.28,False
2023,인천(ICN),마이애미(MIA),인천(ICN)-마이애미(MIA),735.0,0.0,14327.0,0.0,,-8.58,-30.52,False
2024,인천(ICN),마이애미(MIA),인천(ICN)-마이애미(MIA),380.0,0.0,10278.0,0.0,,-48.3,-28.26,False
2025,인천(ICN),마이애미(MIA),인천(ICN)-마이애미(MIA),571.0,0.0,9668.0,0.0,,50.26,-5.94,False
2023,인천(ICN),마즈야마(MYJ),인천(ICN)-마즈야마(MYJ),438.0,69479.0,581.0,158.63,,,,False
2024,인천(ICN),마즈야마(MYJ),인천(ICN)-마즈야마(MYJ),1074.0,176581.0,1481.0,164.41,154.15,145.21,154.91,False
2025,인천(ICN),마즈야마(MYJ),인천(ICN)-마즈야마(MYJ),1460.0,232301.0,2036.0,159.11,31.55,35.94,37.47,False
2022,인천(ICN),마카오(MFM),인천(ICN)-마카오(MFM),0.0,0.0,0.0,0.0,,,,False
2023,인천(ICN),마카오(MFM),인천(ICN)-마카오(MFM),1163.0,191277.0,2254.0,164.47,inf,inf,inf,False
2024,인천(ICN),마카오(MFM),인천(ICN)-마카오(MFM),3004.0,431744.0,5217.0,143.72,125.72,158.3,131.46,False
2025,인천(ICN),마카오(MFM),인천(ICN)-마카오(MFM),2922.0,427941.0,5315.0,146.45,-0.88,-2.73,1.88,False
2025,인천(ICN),마쿵(MZG),인천(ICN)-마쿵(MZG),1.0,137.0,2.0,137.0,,,,False
2022,인천(ICN),마푸트(MPM),인천(ICN)-마푸트(MPM),1.0,0.0,46.0,0.0,,,,False
2025,인천(ICN),말라가(AGP),인천(ICN)-말라가(AGP),7.0,1837.0,22.0,262.43,,,,False
2021,인천(ICN),맥코넬 공군기지(IAB),인천(ICN)-맥코넬 공군기지(IAB),3.0,0.0,21.0,0.0,,,,False
2022,인천(ICN),맥코넬 공군기지(IAB),인천(ICN)-맥코넬 공군기지(IAB),1.0,0.0,20.0,0.0,,-66.67,-4.76,False
2021,인천(ICN),맨체스터(MAN),인천(ICN)-맨체스터(MAN),1.0,0.0,0.0,0.0,,,,False
2022,인천(ICN),맨체스터(MAN),인천(ICN)-맨체스터(MAN),1.0,0.0,0.0,0.0,,0.0,,False
2023,인천(ICN),맨체스터(MAN),인천(ICN)-맨체스터(MAN),0.0,134.0,6.0,0.0,inf,-100.0,inf,False
2021,인천(ICN),멕시코(MEX),인천(ICN)-멕시코(MEX),210.0,24083.0,2373.0,114.68,,,,False
2022,인천(ICN),멕시코(MEX),인천(ICN)-멕시코(MEX),85.0,9291.0,833.0,109.31,-61.42,-59.52,-64.9,False
2023,인천(ICN),멕시코(MEX),인천(ICN)-멕시코(MEX),0.0,0.0,0.0,0.0,-100.0,-100.0,-100.0,False
2024,인천(ICN),멕시코(MEX),인천(ICN)-멕시코(MEX),300.0,48773.0,2317.0,162.58,inf,inf,inf,False
2025,인천(ICN),멕시코(MEX),인천(ICN)-멕시코(MEX),672.0,111103.0,5459.0,165.33,127.8,124.0,135.61,False
2025,인천(ICN),멕시코시티_펠리페앙헬레스(NLU),인천(ICN)-멕시코시티_펠리페앙헬레스(NLU),293.0,0.0,68.0,0.0,,,,False
2023,인천(ICN),멜버른 올랜도(MLB),인천(ICN)-멜버른 올랜도(MLB),0.0,0.0,24.0,0.0,,,,False
2021,인천(ICN),멜버른 툴라마린(MEL),인천(ICN)-멜버른 툴라마린(MEL),0.0,0.0,0.0,0.0,,,,False
2022,인천(ICN),멜버른 툴라마린(MEL),인천(ICN)-멜버른 툴라마린(MEL),0.0,0.0,0.0,0.0,,,,False
2023,인천(ICN),멜버른 툴라마린(MEL),인천(ICN)-멜버른 툴라마린(MEL),4.0,1043.0,19.0,260.75,inf,inf,inf,False
2024,인천(ICN),멜버른 툴라마린(MEL),인천(ICN)-멜버른 툴라마린(MEL),118.0,29686.0,1248.0,251.58,2746.21,2850.0,6468.42,False
2025,인천(ICN),멜버른 툴라마린(MEL),인천(ICN)-멜버른 툴라마린(MEL),93.0,25546.0,920.0,274.69,-13.95,-21.19,-26.28,False
2021,인천(ICN),멤피스(MEM),인천(ICN)-멤피스(MEM),1516.0,0.0,2513.0,0.0,,,,False
2022,인천(ICN),멤피스(MEM),인천(ICN)-멤피스(MEM),1766.0,0.0,2255.0,0.0,,16.49,-10.27,False
2023,인천(ICN),멤피스(MEM),인천(ICN)-멤피스(MEM),1716.0,0.0,2779.0,0.0,,-2.83,23.24,False
2024,인천(ICN),멤피스(MEM),인천(ICN)-멤피스(MEM),2145.0,0.0,3358.0,0.0,,25.0,20.83,False
2025,인천(ICN),멤피스(MEM),인천(ICN)-멤피스(MEM),2096.0,0.0,3736.0,0.0,,-2.28,11.26,False
2021,인천(ICN),모스코바(SVO),인천(ICN)-모스코바(SVO),905.0,30290.0,31053.0,33.47,,,,False
2022,인천(ICN),모스코바(SVO),인천(ICN)-모스코바(SVO),169.0,5789.0,5781.0,34.25,-80.89,-81.33,-81.38,False
2021,인천(ICN),모스코바(보누코보)(VKO),인천(ICN)-모스코바(보누코보)(VKO),0.0,0.0,0.0,0.0,,,,False
2022,인천(ICN),몬테레이(MTY),인천(ICN)-몬테레이(MTY),1.0,2697.0,144.0,2697.0,,,,False
2023,인천(ICN),몬테레이(MTY),인천(ICN)-몬테레이(MTY),1.0,79.0,3.0,79.0,-97.07,0.0,-97.92,False
2024,인천(ICN),몬테레이(MTY),인천(ICN)-몬테레이(MTY),0.0,12793.0,295.0,0.0,16093.67,-100.0,9733.33,False
2025,인천(ICN),몬테레이(MTY),인천(ICN)-몬테레이(MTY),0.0,25209.0,507.0,0.0,97.05,,71.86,False
2021,인천(ICN),몬트리올(YUL),인천(ICN)-몬트리올(YUL),11.0,0.0,153.0,0.0,,,,False
2022,인천(ICN),몬트리올(YUL),인천(ICN)-몬트리올(YUL),12.0,0.0,39.0,0.0,,9.09,-74.51,False
2024,인천(ICN),몬트리올(YUL),인천(ICN)-몬트리올(YUL),132.0,36585.0,1474.0,277.16,inf,1000.0,3679.49,False
2025,인천(ICN),몬트리올(YUL),인천(ICN)-몬트리올(YUL),138.0,33030.0,1438.0,239.35,-9.72,4.55,-2.44,False
2023,인천(ICN),무단지앙(MDG),인천(ICN)-무단지앙(MDG),238.0,27719.0,438.0,116.47,,,,False
2024,인천(ICN),무단지앙(MDG),인천(ICN)-무단지앙(MDG),498.0,49527.0,739.0,99.45,78.68,109.24,68.72,False
2025,인천(ICN),무단지앙(MDG),인천(ICN)-무단지앙(MDG),94.0,10614.0,163.0,112.91,-78.57,-81.12,-77.94,False
2024,인천(ICN),무안(MWX),인천(ICN)-무안(MWX),1.0,138.0,2.0,138.0,,,,False
2025,인천(ICN),무함마드 5세(CMN),인천(ICN)-무함마드 5세(CMN),0.0,0.0,113.0,0.0,,,,False
2021,인천(ICN),뭄바이(BOM),인천(ICN)-뭄바이(BOM),5.0,350.0,179.0,70.0,,,,False
2022,인천(ICN),뭄바이(BOM),인천(ICN)-뭄바이(BOM),0.0,0.0,0.0,0.0,-100.0,-100.0,-100.0,False
2023,인천(ICN),뭄바이(BOM),인천(ICN)-뭄바이(BOM),0.0,0.0,0.0,0.0,,,,False
2021,인천(ICN),뮌헨(MUC),인천(ICN)-뮌헨(MUC),183.0,26105.0,3127.0,142.65,,,,False
2022,인천(ICN),뮌헨(MUC),인천(ICN)-뮌헨(MUC),574.0,139749.0,8363.0,243.47,435.33,213.66,167.44,False
2023,인천(ICN),뮌헨(MUC),인천(ICN)-뮌헨(MUC),661.0,166630.0,9219.0,252.09,19.24,15.16,10.24,False
2024,인천(ICN),뮌헨(MUC),인천(ICN)-뮌헨(MUC),656.0,172897.0,8930.0,263.56,3.76,-0.76,-3.13,False
2025,인천(ICN),뮌헨(MUC),인천(ICN)-뮌헨(MUC),662.0,178276.0,9085.0,269.3,3.11,0.91,1.74,False
2021,인천(ICN),미네아폴리스(MSP),인천(ICN)-미네아폴리스(MSP),4.0,0.0,16.0,0.0,,,,False
2022,인천(ICN),미네아폴리스(MSP),인천(ICN)-미네아폴리스(MSP),164.0,39806.0,1833.0,242.72,inf,4000.0,11356.25,False
2023,인천(ICN),미네아폴리스(MSP),인천(ICN)-미네아폴리스(MSP),724.0,191526.0,9735.0,264.54,381.15,341.46,431.1,False
2024,인천(ICN),미네아폴리스(MSP),인천(ICN)-미네아폴리스(MSP),722.0,188920.0,9400.0,261.66,-1.36,-0.28,-3.44,False
2025,인천(ICN),미네아폴리스(MSP),인천(ICN)-미네아폴리스(MSP),719.0,181283.0,9238.0,252.13,-4.04,-0.42,-1.72,False
2022,인천(ICN),미와사키(KMI),인천(ICN)-미와사키(KMI),6.0,848.0,10.0,141.33,,,,False
2023,인천(ICN),미와사키(KMI),인천(ICN)-미와사키(KMI),126.0,18606.0,296.0,147.67,2094.1,2000.0,2860.0,False
2024,인천(ICN),미와사키(KMI),인천(ICN)-미와사키(KMI),356.0,50187.0,830.0,140.97,169.74,182.54,180.41,False
2025,인천(ICN),미와사키(KMI),인천(ICN)-미와사키(KMI),411.0,54411.0,896.0,132.39,8.42,15.45,7.95,False
2021,인천(ICN),민스크(MSQ),인천(ICN)-민스크(MSQ),5.0,0.0,53.0,0.0,,,,False
2021,인천(ICN),밀라노(MXP),인천(ICN)-밀라노(MXP),893.0,0.0,41579.0,0.0,,,,False
2022,인천(ICN),밀라노(MXP),인천(ICN)-밀라노(MXP),1128.0,29839.0,47800.0,26.45,inf,26.32,14.96,False
2023,인천(ICN),밀라노(MXP),인천(ICN)-밀라노(MXP),1234.0,84790.0,45984.0,68.71,184.16,9.4,-3.8,False
2024,인천(ICN),밀라노(MXP),인천(ICN)-밀라노(MXP),1213.0,90074.0,46209.0,74.26,6.23,-1.7,0.49,False
2025,인천(ICN),밀라노(MXP),인천(ICN)-밀라노(MXP),1246.0,107018.0,44946.0,85.89,18.81,2.72,-2.73,False
2021,인천(ICN),바그다드(BGW),인천(ICN)-바그다드(BGW),0.0,0.0,87.0,0.0,,,,False
2021,인천(ICN),바레인(BAH),인천(ICN)-바레인(BAH),0.0,0.0,63.0,0.0,,,,False
2022,인천(ICN),바레인(BAH),인천(ICN)-바레인(BAH),0.0,0.0,0.0,0.0,,,-100.0,False
2023,인천(ICN),바레인(BAH),인천(ICN)-바레인(BAH),0.0,0.0,17.0,0.0,,,inf,False
2024,인천(ICN),바레인(BAH),인천(ICN)-바레인(BAH),0.0,0.0,0.0,0.0,,,-100.0,False
2021,인천(ICN),바르나울(BAX),인천(ICN)-바르나울(BAX),0.0,0.0,0.0,0.0,,,,False
2022,인천(ICN),바르나울(BAX),인천(ICN)-바르나울(BAX),0.0,0.0,0.0,0.0,,,,False
2021,인천(ICN),바르샤바(WAW),인천(ICN)-바르샤바(WAW),327.0,33047.0,4276.0,101.06,,,,False
2022,인천(ICN),바르샤바(WAW),인천(ICN)-바르샤바(WAW),480.0,102712.0,7333.0,213.98,210.81,46.79,71.49,False
2023,인천(ICN),바르샤바(WAW),인천(ICN)-바르샤바(WAW),505.0,125766.0,7065.0,249.04,22.45,5.21,-3.65,False
2024,인천(ICN),바르샤바(WAW),인천(ICN)-바르샤바(WAW),504.0,115323.0,6148.0,228.82,-8.3,-0.2,-12.98,False
2025,인천(ICN),바르샤바(WAW),인천(ICN)-바르샤바(WAW),561.0,131320.0,7278.0,234.08,13.87,11.31,18.38,False
2022,인천(ICN),바르셀로나(BCN),인천(ICN)-바르셀로나(BCN),199.0,47156.0,2239.0,236.96,,,,False
2023,인천(ICN),바르셀로나(BCN),인천(ICN)-바르셀로나(BCN),748.0,195562.0,8227.0,261.45,314.71,275.88,267.44,False
2024,인천(ICN),바르셀로나(BCN),인천(ICN)-바르셀로나(BCN),928.0,234476.0,10270.0,252.67,19.9,24.06,24.83,False
2025,인천(ICN),바르셀로나(BCN),인천(ICN)-바르셀로나(BCN),945.0,231406.0,8431.0,244.87,-1.31,1.83,-17.91,False
2025,인천(ICN),바스라(BSR),인천(ICN)-바스라(BSR),2.0,113.0,5.0,56.5,,,,False
2023,인천(ICN),바탐(BTH),인천(ICN)-바탐(BTH),2.0,257.0,5.0,128.5,,,,False
2024,인천(ICN),바탐(BTH),인천(ICN)-바탐(BTH),78.0,5579.0,72.0,71.53,2070.82,3800.0,1340.0,False
2025,인천(ICN),바탐(BTH),인천(ICN)-바탐(BTH),209.0,21855.0,289.0,104.57,291.74,167.95,301.39,False
2022,인천(ICN),반다르세리베가완(BWN),인천(ICN)-반다르세리베가완(BWN),28.0,2333.0,44.0,83.32,,,,False
2023,인천(ICN),반다르세리베가완(BWN),인천(ICN)-반다르세리베가완(BWN),280.0,22822.0,436.0,81.51,878.23,900.0,890.91,False
2024,인천(ICN),반다르세리베가완(BWN),인천(ICN)-반다르세리베가완(BWN),314.0,27873.0,593.0,88.77,22.13,12.14,36.01,False
2025,인천(ICN),반다르세리베가완(BWN),인천(ICN)-반다르세리베가완(BWN),314.0,31008.0,654.0,98.75,11.25,0.0,10.29,False
2023,인천(ICN),반덴베르크 공군기지(VBG),인천(ICN)-반덴베르크 공군기지(VBG),1.0,0.0,42.0,0.0,,,,False
2024,인천(ICN),반덴베르크 공군기지(VBG),인천(ICN)-반덴베르크 공군기지(VBG),1.0,0.0,42.0,0.0,,0.0,0.0,False
2022,인천(ICN),발릭파판(BPN),인천(ICN)-발릭파판(BPN),2.0,0.0,0.0,0.0,,,,False
2023,인천(ICN),발릭파판(BPN),인천(ICN)-발릭파판(BPN),3.0,0.0,0.0,0.0,,50.0,,False
2024,인천(ICN),발릭파판(BPN),인천(ICN)-발릭파판(BPN),4.0,0.0,3.0,0.0,,33.33,inf,False
2025,인천(ICN),발릭파판(BPN),인천(ICN)-발릭파판(BPN),1.0,0.0,0.0,0.0,,-75.0,-100.0,False
2021,인천(ICN),방콕(BKK),인천(ICN)-방콕(BKK),3776.0,74904.0,86113.0,19.84,,,,False
2022,인천(ICN),방콕(BKK),인천(ICN)-방콕(BKK),6438.0,1253019.0,92269.0,194.63,1572.83,70.5,7.15,False
2023,인천(ICN),방콕(BKK),인천(ICN)-방콕(BKK),11276.0,2883587.0,114364.0,255.73,130.13,75.15,23.95,False
2024,인천(ICN),방콕(BKK),인천(ICN)-방콕(BKK),12520.0,2952876.0,135277.0,235.85,2.4,11.03,18.29,False
2025,인천(ICN),방콕(BKK),인천(ICN)-방콕(BKK),10337.0,2459081.0,123095.0,237.89,-16.72,-17.44,-9.01,False
2021,인천(ICN),뱅갈로(BLR),인천(ICN)-뱅갈로(BLR),42.0,3719.0,247.0,88.55,,,,False
2022,인천(ICN),뱅갈로(BLR),인천(ICN)-뱅갈로(BLR),4.0,492.0,18.0,123.0,-86.77,-90.48,-92.71,False
2021,인천(ICN),뱅쿠버(YVR),인천(ICN)-뱅쿠버(YVR),839.0,69172.0,13804.0,82.45,,,,False
2022,인천(ICN),뱅쿠버(YVR),인천(ICN)-뱅쿠버(YVR),1121.0,263448.0,20018.0,235.01,280.86,33.61,45.02,False
2023,인천(ICN),뱅쿠버(YVR),인천(ICN)-뱅쿠버(YVR),1462.0,399910.0,27116.0,273.54,51.8,30.42,35.46,False
2024,인천(ICN),뱅쿠버(YVR),인천(ICN)-뱅쿠버(YVR),1689.0,485586.0,29048.0,287.5,21.42,15.53,7.12,False
2025,인천(ICN),뱅쿠버(YVR),인천(ICN)-뱅쿠버(YVR),2065.0,551649.0,29471.0,267.14,13.6,22.26,1.46,False
2021,인천(ICN),버밍엄(BHM),인천(ICN)-버밍엄(BHM),2.0,0.0,191.0,0.0,,,,False
2023,인천(ICN),버밍엄(BHM),인천(ICN)-버밍엄(BHM),1.0,0.0,0.0,0.0,,-50.0,-100.0,False
2021,인천(ICN),번돈(VDO),인천(ICN)-번돈(VDO),21.0,3452.0,111.0,164.38,,,,False
2022,인천(ICN),번돈(VDO),인천(ICN)-번돈(VDO),2.0,116.0,1.0,58.0,-96.64,-90.48,-99.1,False
2023,인천(ICN),베니스(VCE),인천(ICN)-베니스(VCE),18.0,4941.0,114.0,274.5,,,,False
2024,인천(ICN),베니스(VCE),인천(ICN)-베니스(VCE),38.0,10700.0,256.0,281.58,116.56,111.11,124.56,False
2021,인천(ICN),베오그라드(BEG),인천(ICN)-베오그라드(BEG),0.0,0.0,0.0,0.0,,,,False
2021,인천(ICN),베이루트(BEY),인천(ICN)-베이루트(BEY),3.0,326.0,16.0,108.67,,,,False
2022,인천(ICN),베이루트(BEY),인천(ICN)-베이루트(BEY),6.0,797.0,45.0,132.83,144.48,100.0,181.25,False
2023,인천(ICN),베이루트(BEY),인천(ICN)-베이루트(BEY),4.0,541.0,25.0,135.25,-32.12,-33.33,-44.44,False
2025,인천(ICN),베이루트(BEY),인천(ICN)-베이루트(BEY),4.0,577.0,23.0,144.25,6.65,0.0,-8.0,False
2021,인천(ICN),보리스필(KBP),인천(ICN)-보리스필(KBP),11.0,0.0,117.0,0.0,,,,False
2022,인천(ICN),보리스필(KBP),인천(ICN)-보리스필(KBP),9.0,0.0,37.0,0.0,,-18.18,-68.38,False
2021,인천(ICN),보스톤(BOS),인천(ICN)-보스톤(BOS),313.0,21228.0,4347.0,67.82,,,,False
2022,인천(ICN),보스톤(BOS),인천(ICN)-보스톤(BOS),365.0,66909.0,4999.0,183.31,215.19,16.61,15.0,False
2023,인천(ICN),보스톤(BOS),인천(ICN)-보스톤(BOS),617.0,144344.0,7984.0,233.94,115.73,69.04,59.71,False
2024,인천(ICN),보스톤(BOS),인천(ICN)-보스톤(BOS),732.0,169607.0,9949.0,231.7,17.5,18.64,24.61,False
2025,인천(ICN),보스톤(BOS),인천(ICN)-보스톤(BOS),730.0,168992.0,9648.0,231.5,-0.36,-0.27,-3.03,False
2024,인천(ICN),보잉필드(BFI),인천(ICN)-보잉필드(BFI),1.0,9.0,0.0,9.0,,,,False
2021,인천(ICN),부다페스트(BUD),인천(ICN)-부다페스트(BUD),104.0,15644.0,3441.0,150.42,,,,False
2022,인천(ICN),부다페스트(BUD),인천(ICN)-부다페스트(BUD),239.0,51550.0,5019.0,215.69,229.52,129.81,45.86,False
2023,인천(ICN),부다페스트(BUD),인천(ICN)-부다페스트(BUD),665.0,156338.0,9382.0,235.09,203.27,178.24,86.93,False
2024,인천(ICN),부다페스트(BUD),인천(ICN)-부다페스트(BUD),646.0,149299.0,7901.0,231.11,-4.5,-2.86,-15.79,False
2025,인천(ICN),부다페스트(BUD),인천(ICN)-부다페스트(BUD),420.0,101389.0,6075.0,241.4,-32.09,-34.98,-23.11,False
2021,인천(ICN),부얀트 우카(ULN),인천(ICN)-부얀트 우카(ULN),159.0,11806.0,1615.0,74.25,,,,False
2022,인천(ICN),부얀트 우카(ULN),인천(ICN)-부얀트 우카(ULN),1.0,0.0,0.0,0.0,-100.0,-99.37,-100.0,False
2023,인천(ICN),부얀트 우카(ULN),인천(ICN)-부얀트 우카(ULN),1.0,0.0,0.0,0.0,,0.0,,False
2021,인천(ICN),부쿠레슈티(OTP),인천(ICN)-부쿠레슈티(OTP),2.0,0.0,29.0,0.0,,,,False
2021,인천(ICN),북경(PEK),인천(ICN)-북경(PEK),1104.0,14272.0,14418.0,12.93,,,,False
2022,인천(ICN),북경(PEK),인천(ICN)-북경(PEK),660.0,22629.0,8921.0,34.29,58.56,-40.22,-38.13,False
2023,인천(ICN),북경(PEK),인천(ICN)-북경(PEK),3315.0,394897.0,14477.0,119.12,1645.09,402.27,62.28,False
2024,인천(ICN),북경(PEK),인천(ICN)-북경(PEK),5600.0,860575.0,24765.0,153.67,117.92,68.93,71.06,False
2025,인천(ICN),북경(PEK),인천(ICN)-북경(PEK),6116.0,970629.0,26014.0,158.7,12.79,9.21,5.04,False
2022,인천(ICN),불가스(BOJ),인천(ICN)-불가스(BOJ),0.0,0.0,0.0,0.0,,,,False
2023,인천(ICN),불가스(BOJ),인천(ICN)-불가스(BOJ),0.0,0.0,0.0,0.0,,,,False
2021,인천(ICN),브라코프스(VCP),인천(ICN)-브라코프스(VCP),299.0,0.0,3260.0,0.0,,,,False
2022,인천(ICN),브라코프스(VCP),인천(ICN)-브라코프스(VCP),305.0,0.0,4203.0,0.0,,2.01,28.93,False
2023,인천(ICN),브라코프스(VCP),인천(ICN)-브라코프스(VCP),293.0,0.0,4806.0,0.0,,-3.93,14.35,False
2024,인천(ICN),브라코프스(VCP),인천(ICN)-브라코프스(VCP),209.0,0.0,3204.0,0.0,,-28.67,-33.33,False
2025,인천(ICN),브라코프스(VCP),인천(ICN)-브라코프스(VCP),208.0,0.0,3180.0,0.0,,-0.48,-0.75,False
2021,인천(ICN),브라티슬로바(BTS),인천(ICN)-브라티슬로바(BTS),2.0,0.0,109.0,0.0,,,,False
2022,인천(ICN),브로츠와프(WRO),인천(ICN)-브로츠와프(WRO),1.0,0.0,40.0,0.0,,,,False
2023,인천(ICN),브로츠와프(WRO),인천(ICN)-브로츠와프(WRO),18.0,3417.0,160.0,189.83,inf,1700.0,300.0,False
2024,인천(ICN),브로츠와프(WRO),인천(ICN)-브로츠와프(WRO),95.0,19071.0,951.0,200.75,458.12,427.78,494.37,False
2025,인천(ICN),브로츠와프(WRO),인천(ICN)-브로츠와프(WRO),93.0,20820.0,1005.0,223.87,9.17,-2.11,5.68,False
2021,인천(ICN),브뤼셀(BRU),인천(ICN)-브뤼셀(BRU),312.0,0.0,12993.0,0.0,,,,False
2022,인천(ICN),브뤼셀(BRU),인천(ICN)-브뤼셀(BRU),313.0,0.0,12118.0,0.0,,0.32,-6.73,False
2023,인천(ICN),브뤼셀(BRU),인천(ICN)-브뤼셀(BRU),314.0,0.0,10938.0,0.0,,0.32,-9.74,False
2024,인천(ICN),브뤼셀(BRU),인천(ICN)-브뤼셀(BRU),310.0,0.0,9540.0,0.0,,-1.27,-12.78,False
2025,인천(ICN),브뤼셀(BRU),인천(ICN)-브뤼셀(BRU),307.0,0.0,9232.0,0.0,,-0.97,-3.23,False
2023,인천(ICN),브리스번(BNE),인천(ICN)-브리스번(BNE),441.0,89654.0,3622.0,203.3,,,,False
2024,인천(ICN),브리스번(BNE),인천(ICN)-브리스번(BNE),766.0,183123.0,6779.0,239.06,104.26,73.7,87.16,False
2025,인천(ICN),브리스번(BNE),인천(ICN)-브리스번(BNE),725.0,187761.0,6892.0,258.98,2.53,-5.35,1.67,False
2021,인천(ICN),블라디보스톡(VVO),인천(ICN)-블라디보스톡(VVO),224.0,18424.0,531.0,82.25,,,,False
2022,인천(ICN),블라디보스톡(VVO),인천(ICN)-블라디보스톡(VVO),79.0,4938.0,144.0,62.51,-73.2,-64.73,-72.88,False
2023,인천(ICN),블레즈 디아뉴(DSS),인천(ICN)-블레즈 디아뉴(DSS),0.0,0.0,0.0,0.0,,,,False
2025,인천(ICN),비슈케크(BSZ),인천(ICN)-비슈케크(BSZ),104.0,12926.0,276.0,124.29,,,,False
2021,인천(ICN),비아크(BIK),인천(ICN)-비아크(BIK),0.0,0.0,0.0,0.0,,,,False
2021,인천(ICN),비엔나(VIE),인천(ICN)-비엔나(VIE),35.0,252.0,37756.0,7.2,,,,False
2022,인천(ICN),비엔나(VIE),인천(ICN)-비엔나(VIE),167.0,35125.0,34713.0,210.33,13838.49,377.14,-8.06,False
2023,인천(ICN),비엔나(VIE),인천(ICN)-비엔나(VIE),378.0,93056.0,36151.0,246.18,164.93,126.35,4.14,False
2024,인천(ICN),비엔나(VIE),인천(ICN)-비엔나(VIE),375.0,92070.0,37084.0,245.52,-1.06,-0.79,2.58,False
2025,인천(ICN),비엔나(VIE),인천(ICN)-비엔나(VIE),375.0,95191.0,32693.0,253.84,3.39,0.0,-11.84,False
2021,인천(ICN),비엔티안(VTE),인천(ICN)-비엔티안(VTE),96.0,6976.0,221.0,72.67,,,,False
2022,인천(ICN),비엔티안(VTE),인천(ICN)-비엔티안(VTE),487.0,56098.0,1178.0,115.19,704.16,407.29,433.03,False
2023,인천(ICN),비엔티안(VTE),인천(ICN)-비엔티안(VTE),1668.0,249890.0,3411.0,149.81,345.45,242.51,189.56,False
2024,인천(ICN),비엔티안(VTE),인천(ICN)-비엔티안(VTE),2330.0,366390.0,4874.0,157.25,46.62,39.69,42.89,False
2025,인천(ICN),비엔티안(VTE),인천(ICN)-비엔티안(VTE),1778.0,267385.0,3973.0,150.39,-27.02,-23.69,-18.49,False
2021,인천(ICN),빈(VII),인천(ICN)-빈(VII),2.0,408.0,10.0,204.0,,,,False
2022,인천(ICN),빈(VII),인천(ICN)-빈(VII),1.0,204.0,6.0,204.0,-50.0,-50.0,-40.0,False
2023,인천(ICN),사가(HSG),인천(ICN)-사가(HSG),118.0,15667.0,120.0,132.77,,,,False
2024,인천(ICN),사가(HSG),인천(ICN)-사가(HSG),408.0,61345.0,450.0,150.36,291.56,245.76,275.0,False
2025,인천(ICN),사가(HSG),인천(ICN)-사가(HSG),428.0,64810.0,465.0,151.43,5.65,4.9,3.33,False
2021,인천(ICN),사르고사(ZAZ),인천(ICN)-사르고사(ZAZ),0.0,0.0,235.0,0.0,,,,False
2022,인천(ICN),사르고사(ZAZ),인천(ICN)-사르고사(ZAZ),0.0,0.0,182.0,0.0,,,-22.55,False
2023,인천(ICN),사르고사(ZAZ),인천(ICN)-사르고사(ZAZ),0.0,0.0,1898.0,0.0,,,942.86,False
2024,인천(ICN),사르고사(ZAZ),인천(ICN)-사르고사(ZAZ),0.0,0.0,1708.0,0.0,,,-10.01,False
2025,인천(ICN),사르고사(ZAZ),인천(ICN)-사르고사(ZAZ),0.0,0.0,1576.0,0.0,,,-7.73,False
2021,인천(ICN),사이판(SPN),인천(ICN)-사이판(SPN),170.0,14803.0,347.0,87.08,,,,False
2022,인천(ICN),사이판(SPN),인천(ICN)-사이판(SPN),1001.0,138563.0,2023.0,138.42,836.05,488.82,483.0,False
2023,인천(ICN),사이판(SPN),인천(ICN)-사이판(SPN),2359.0,371201.0,4533.0,157.36,167.89,135.66,124.07,False
2024,인천(ICN),사이판(SPN),인천(ICN)-사이판(SPN),2282.0,375078.0,4608.0,164.36,1.04,-3.26,1.65,False
2025,인천(ICN),사이판(SPN),인천(ICN)-사이판(SPN),1551.0,223208.0,2883.0,143.91,-40.49,-32.03,-37.43,False
2021,인천(ICN),사할린(UUS),인천(ICN)-사할린(UUS),73.0,2825.0,120.0,38.7,,,,False
2023,인천(ICN),산야(SYX),인천(ICN)-산야(SYX),172.0,20023.0,220.0,116.41,,,,False
2024,인천(ICN),산야(SYX),인천(ICN)-산야(SYX),216.0,30093.0,350.0,139.32,50.29,25.58,59.09,False
2025,인천(ICN),산야(SYX),인천(ICN)-산야(SYX),474.0,23031.0,294.0,48.59,-23.47,119.44,-16.0,False
2021,인천(ICN),산티아고(SCL),인천(ICN)-산티아고(SCL),0.0,0.0,2943.0,0.0,,,,False
2022,인천(ICN),산티아고(SCL),인천(ICN)-산티아고(SCL),0.0,0.0,2158.0,0.0,,,-26.67,False
2023,인천(ICN),산티아고(SCL),인천(ICN)-산티아고(SCL),2.0,0.0,3928.0,0.0,,inf,82.02,False
2024,인천(ICN),산티아고(SCL),인천(ICN)-산티아고(SCL),0.0,0.0,3607.0,0.0,,-100.0,-8.17,False
2025,인천(ICN),산티아고(SCL),인천(ICN)-산티아고(SCL),0.0,0.0,2183.0,0.0,,,-39.48,False
2023,인천(ICN),산호세(SJC),인천(ICN)-산호세(SJC),2.0,9.0,0.0,4.5,,,,False
2025,인천(ICN),살가두 필류(POA),인천(ICN)-살가두 필류(POA),1.0,0.0,40.0,0.0,,,,False
2021,인천(ICN),삿보로(치토세)(CTS),인천(ICN)-삿보로(치토세)(CTS),1.0,0.0,0.0,0.0,,,,True
2022,인천(ICN),삿보로(치토세)(CTS),인천(ICN)-삿보로(치토세)(CTS),663.0,102033.0,1131.0,153.9,inf,66200.0,inf,True
2023,인천(ICN),삿보로(치토세)(CTS),인천(ICN)-삿보로(치토세)(CTS),5640.0,1068294.0,12139.0,189.41,947.01,750.68,973.3,True
2024,인천(ICN),삿보로(치토세)(CTS),인천(ICN)-삿보로(치토세)(CTS),6452.0,1320729.0,16128.0,204.7,23.63,14.4,32.86,True
2025,인천(ICN),삿보로(치토세)(CTS),인천(ICN)-삿보로(치토세)(CTS),6609.0,1324811.0,15757.0,200.46,0.31,2.43,-2.3,True
2022,인천(ICN),새크라멘토 매클렐런(MCC),인천(ICN)-새크라멘토 매클렐런(MCC),1.0,0.0,0.0,0.0,,,,False
2025,인천(ICN),새크라멘토 매클렐런(MCC),인천(ICN)-새크라멘토 매클렐런(MCC),1.0,0.0,0.0,0.0,,0.0,,False
2024,인천(ICN),샌디아고(SAN),인천(ICN)-샌디아고(SAN),0.0,165.0,5.0,0.0,,,,False
2021,인천(ICN),샌프란시스코(SFO),인천(ICN)-샌프란시스코(SFO),2307.0,125923.0,56111.0,54.58,,,,False
2022,인천(ICN),샌프란시스코(SFO),인천(ICN)-샌프란시스코(SFO),2694.0,401972.0,59335.0,149.21,219.22,16.78,5.75,False
2023,인천(ICN),샌프란시스코(SFO),인천(ICN)-샌프란시스코(SFO),3308.0,680175.0,66912.0,205.62,69.21,22.79,12.77,False
2024,인천(ICN),샌프란시스코(SFO),인천(ICN)-샌프란시스코(SFO),3889.0,786064.0,71886.0,202.12,15.57,17.56,7.43,False
2025,인천(ICN),샌프란시스코(SFO),인천(ICN)-샌프란시스코(SFO),4004.0,806616.0,78038.0,201.45,2.61,2.96,8.56,False
2021,인천(ICN),샤론스(XCR),인천(ICN)-샤론스(XCR),3.0,0.0,293.0,0.0,,,,False
2022,인천(ICN),샤론스(XCR),인천(ICN)-샤론스(XCR),1.0,0.0,13.0,0.0,,-66.67,-95.56,False
2021,인천(ICN),샤먼(XMN),인천(ICN)-샤먼(XMN),490.0,13013.0,4254.0,26.56,,,,False
2022,인천(ICN),샤먼(XMN),인천(ICN)-샤먼(XMN),506.0,25705.0,4065.0,50.8,97.53,3.27,-4.44,False
2023,인천(ICN),샤먼(XMN),인천(ICN)-샤먼(XMN),804.0,102793.0,2924.0,127.85,299.89,58.89,-28.07,False
2024,인천(ICN),샤먼(XMN),인천(ICN)-샤먼(XMN),1232.0,163136.0,3606.0,132.42,58.7,53.23,23.32,False
2025,인천(ICN),샤먼(XMN),인천(ICN)-샤먼(XMN),1617.0,206426.0,4920.0,127.66,26.54,31.25,36.44,False
2021,인천(ICN),샤자르(SHJ),인천(ICN)-샤자르(SHJ),37.0,0.0,22.0,0.0,,,,False
2022,인천(ICN),샤자르(SHJ),인천(ICN)-샤자르(SHJ),3.0,0.0,76.0,0.0,,-91.89,245.45,False
2023,인천(ICN),샤자르(SHJ),인천(ICN)-샤자르(SHJ),1.0,0.0,0.0,0.0,,-66.67,-100.0,False
2024,인천(ICN),샤자르(SHJ),인천(ICN)-샤자르(SHJ),1.0,0.0,893.0,0.0,,0.0,inf,False
2025,인천(ICN),샤자르(SHJ),인천(ICN)-샤자르(SHJ),0.0,0.0,1693.0,0.0,,-100.0,89.59,False
2021,인천(ICN),세부(CEB),인천(ICN)-세부(CEB),78.0,3986.0,101.0,51.1,,,,False
2022,인천(ICN),세부(CEB),인천(ICN)-세부(CEB),1587.0,222626.0,4980.0,140.28,5485.2,1934.62,4830.69,False
2023,인천(ICN),세부(CEB),인천(ICN)-세부(CEB),5205.0,895915.0,13905.0,172.13,302.43,227.98,179.22,False
2024,인천(ICN),세부(CEB),인천(ICN)-세부(CEB),5285.0,958520.0,15889.0,181.37,6.99,1.54,14.27,False
2025,인천(ICN),세부(CEB),인천(ICN)-세부(CEB),3892.0,721919.0,15354.0,185.49,-24.68,-26.36,-3.37,False
2023,인천(ICN),센다이(SDJ),인천(ICN)-센다이(SDJ),244.0,34317.0,432.0,140.64,,,,True
2024,인천(ICN),센다이(SDJ),인천(ICN)-센다이(SDJ),730.0,101175.0,1231.0,138.6,194.82,199.18,184.95,True
2025,인천(ICN),센다이(SDJ),인천(ICN)-센다이(SDJ),518.0,78330.0,979.0,151.22,-22.58,-29.04,-20.47,True
2021,인천(ICN),센젠(SZX),인천(ICN)-센젠(SZX),597.0,7700.0,21924.0,12.9,,,,False
2022,인천(ICN),센젠(SZX),인천(ICN)-센젠(SZX),679.0,18972.0,26268.0,27.94,146.39,13.74,19.81,False
2023,인천(ICN),센젠(SZX),인천(ICN)-센젠(SZX),1745.0,191844.0,26338.0,109.94,911.2,157.0,0.27,False
2024,인천(ICN),센젠(SZX),인천(ICN)-센젠(SZX),2864.0,403780.0,32137.0,140.98,110.47,64.13,22.02,False
2025,인천(ICN),센젠(SZX),인천(ICN)-센젠(SZX),3514.0,592870.0,37755.0,168.72,46.83,22.7,17.48,False
2022,인천(ICN),소피아(SOF),인천(ICN)-소피아(SOF),0.0,0.0,0.0,0.0,,,,False
2025,인천(ICN),솔트레이크시티(SLC),인천(ICN)-솔트레이크시티(SLC),319.0,77147.0,3821.0,241.84,,,,False
2023,인천(ICN),쇼나이(SYO),인천(ICN)-쇼나이(SYO),4.0,606.0,6.0,151.5,,,,False
2024,인천(ICN),쇼나이(SYO),인천(ICN)-쇼나이(SYO),4.0,462.0,5.0,115.5,-23.76,0.0,-16.67,False
2023,인천(ICN),쉬지아쭈앙(석가장)(SJW),인천(ICN)-쉬지아쭈앙(석가장)(SJW),106.0,9831.0,268.0,92.75,,,,False
2024,인천(ICN),쉬지아쭈앙(석가장)(SJW),인천(ICN)-쉬지아쭈앙(석가장)(SJW),316.0,30928.0,983.0,97.87,214.6,198.11,266.79,False
2025,인천(ICN),쉬지아쭈앙(석가장)(SJW),인천(ICN)-쉬지아쭈앙(석가장)(SJW),316.0,49920.0,489.0,157.97,61.41,0.0,-50.25,False
2025,인천(ICN),쉼 켄트(CIT),인천(ICN)-쉼 켄트(CIT),124.0,12912.0,279.0,104.13,,,,False
2021,인천(ICN),슈리브포트 리저널(SHV),인천(ICN)-슈리브포트 리저널(SHV),2.0,0.0,1.0,0.0,,,,False
2021,인천(ICN),스텐스테드(STN),인천(ICN)-스텐스테드(STN),1.0,0.0,5358.0,0.0,,,,False
2022,인천(ICN),스텐스테드(STN),인천(ICN)-스텐스테드(STN),0.0,0.0,5165.0,0.0,,-100.0,-3.6,False
2023,인천(ICN),스텐스테드(STN),인천(ICN)-스텐스테드(STN),1.0,0.0,6312.0,0.0,,inf,22.21,False
2024,인천(ICN),스텐스테드(STN),인천(ICN)-스텐스테드(STN),0.0,0.0,5573.0,0.0,,-100.0,-11.71,False
2025,인천(ICN),스텐스테드(STN),인천(ICN)-스텐스테드(STN),0.0,0.0,5458.0,0.0,,,-2.06,False
2021,인천(ICN),스톡홀름 알란다(ARN),인천(ICN)-스톡홀름 알란다(ARN),34.0,0.0,5315.0,0.0,,,,False
2022,인천(ICN),스톡홀름 알란다(ARN),인천(ICN)-스톡홀름 알란다(ARN),81.0,0.0,3814.0,0.0,,138.24,-28.24,False
2023,인천(ICN),스톡홀름 알란다(ARN),인천(ICN)-스톡홀름 알란다(ARN),103.0,0.0,3108.0,0.0,,27.16,-18.51,False
2024,인천(ICN),스톡홀름 알란다(ARN),인천(ICN)-스톡홀름 알란다(ARN),84.0,0.0,3000.0,0.0,,-18.45,-3.47,False
2021,인천(ICN),시드니(SYD),인천(ICN)-시드니(SYD),550.0,10791.0,3975.0,19.62,,,,False
2022,인천(ICN),시드니(SYD),인천(ICN)-시드니(SYD),1193.0,198246.0,9369.0,166.17,1737.14,116.91,135.7,False
2023,인천(ICN),시드니(SYD),인천(ICN)-시드니(SYD),2667.0,701123.0,23371.0,262.89,253.66,123.55,149.45,False
2024,인천(ICN),시드니(SYD),인천(ICN)-시드니(SYD),2608.0,739093.0,28219.0,283.39,5.42,-2.21,20.74,False
2025,인천(ICN),시드니(SYD),인천(ICN)-시드니(SYD),2588.0,766330.0,28259.0,296.11,3.69,-0.77,0.14,False
2024,인천(ICN),시라하마(SHM),인천(ICN)-시라하마(SHM),16.0,2080.0,20.0,130.0,,,,False
2025,인천(ICN),시라하마(SHM),인천(ICN)-시라하마(SHM),6.0,933.0,11.0,155.5,-55.14,-62.5,-45.0,False
2024,인천(ICN),시모지시마(SHI),인천(ICN)-시모지시마(SHI),308.0,47824.0,532.0,155.27,,,,False
2025,인천(ICN),시모지시마(SHI),인천(ICN)-시모지시마(SHI),522.0,76876.0,881.0,147.27,60.75,69.48,65.6,False
2021,인천(ICN),시안(XIY),인천(ICN)-시안(XIY),918.0,6554.0,21702.0,7.14,,,,False
2022,인천(ICN),시안(XIY),인천(ICN)-시안(XIY),704.0,3253.0,12920.0,4.62,-50.37,-23.31,-40.47,False
2023,인천(ICN),시안(XIY),인천(ICN)-시안(XIY),1085.0,54840.0,9993.0,50.54,1585.83,54.12,-22.65,False
2024,인천(ICN),시안(XIY),인천(ICN)-시안(XIY),1962.0,152156.0,9189.0,77.55,177.45,80.83,-8.05,False
2025,인천(ICN),시안(XIY),인천(ICN)-시안(XIY),2216.0,238360.0,13109.0,107.56,56.66,12.95,42.66,False
2021,인천(ICN),시애틀(SEA),인천(ICN)-시애틀(SEA),1833.0,77890.0,46580.0,42.49,,,,False
2022,인천(ICN),시애틀(SEA),인천(ICN)-시애틀(SEA),2216.0,283072.0,47357.0,127.74,263.43,20.89,1.67,False
2023,인천(ICN),시애틀(SEA),인천(ICN)-시애틀(SEA),2857.0,534762.0,53286.0,187.18,88.91,28.93,12.52,False
2024,인천(ICN),시애틀(SEA),인천(ICN)-시애틀(SEA),2960.0,545766.0,52194.0,184.38,2.06,3.61,-2.05,False
2025,인천(ICN),시애틀(SEA),인천(ICN)-시애틀(SEA),3113.0,584125.0,48779.0,187.64,7.03,5.17,-6.54,False
2023,인천(ICN),시즈오카(FSZ),인천(ICN)-시즈오카(FSZ),394.0,62899.0,561.0,159.64,,,,True
2024,인천(ICN),시즈오카(FSZ),인천(ICN)-시즈오카(FSZ),826.0,131793.0,1265.0,159.56,109.53,109.64,125.49,True
2025,인천(ICN),시즈오카(FSZ),인천(ICN)-시즈오카(FSZ),1268.0,187203.0,1795.0,147.64,42.04,53.51,41.9,True
2021,인천(ICN),시카고 록퍼드(RFD),인천(ICN)-시카고 록퍼드(RFD),211.0,0.0,1832.0,0.0,,,,False
2022,인천(ICN),시카고 록퍼드(RFD),인천(ICN)-시카고 록퍼드(RFD),884.0,0.0,15367.0,0.0,,318.96,738.81,False
2023,인천(ICN),시카고 록퍼드(RFD),인천(ICN)-시카고 록퍼드(RFD),433.0,0.0,1084.0,0.0,,-51.02,-92.95,False
2024,인천(ICN),시카고 록퍼드(RFD),인천(ICN)-시카고 록퍼드(RFD),283.0,0.0,357.0,0.0,,-34.64,-67.07,False
2025,인천(ICN),시카고 록퍼드(RFD),인천(ICN)-시카고 록퍼드(RFD),104.0,0.0,122.0,0.0,,-63.25,-65.83,False
2021,인천(ICN),시카고(ORD),인천(ICN)-시카고(ORD),3541.0,25445.0,117162.0,7.19,,,,False
2022,인천(ICN),시카고(ORD),인천(ICN)-시카고(ORD),3018.0,83860.0,96350.0,27.79,229.57,-14.77,-17.76,False
2023,인천(ICN),시카고(ORD),인천(ICN)-시카고(ORD),3026.0,151554.0,105461.0,50.08,80.72,0.27,9.46,False
2024,인천(ICN),시카고(ORD),인천(ICN)-시카고(ORD),3981.0,177511.0,117924.0,44.59,17.13,31.56,11.82,False
2025,인천(ICN),시카고(ORD),인천(ICN)-시카고(ORD),5143.0,176904.0,122877.0,34.4,-0.34,29.19,4.2,False
2021,인천(ICN),신시내티(CVG),인천(ICN)-신시내티(CVG),3199.0,0.0,29631.0,0.0,,,,False
2022,인천(ICN),신시내티(CVG),인천(ICN)-신시내티(CVG),3238.0,0.0,32677.0,0.0,,1.22,10.28,False
2023,인천(ICN),신시내티(CVG),인천(ICN)-신시내티(CVG),2630.0,0.0,34087.0,0.0,,-18.78,4.31,False
2024,인천(ICN),신시내티(CVG),인천(ICN)-신시내티(CVG),2373.0,0.0,40165.0,0.0,,-9.77,17.83,False
2025,인천(ICN),신시내티(CVG),인천(ICN)-신시내티(CVG),2118.0,0.0,28231.0,0.0,,-10.75,-29.71,False
2021,인천(ICN),심양(SHE),인천(ICN)-심양(SHE),414.0,43145.0,6801.0,104.21,,,,False
2022,인천(ICN),심양(SHE),인천(ICN)-심양(SHE),263.0,35642.0,1564.0,135.52,-17.39,-36.47,-77.0,False
2023,인천(ICN),심양(SHE),인천(ICN)-심양(SHE),2144.0,304980.0,8306.0,142.25,755.68,715.21,431.07,False
2024,인천(ICN),심양(SHE),인천(ICN)-심양(SHE),3233.0,452417.0,9477.0,139.94,48.34,50.79,14.1,False
2025,인천(ICN),심양(SHE),인천(ICN)-심양(SHE),3408.0,548455.0,10570.0,160.93,21.23,5.41,11.53,False
2021,인천(ICN),싱가폴(SIN),인천(ICN)-싱가폴(SIN),3021.0,78056.0,95426.0,25.84,,,,False
2022,인천(ICN),싱가폴(SIN),인천(ICN)-싱가폴(SIN),5087.0,985128.0,100283.0,193.66,1162.08,68.39,5.09,False
2023,인천(ICN),싱가폴(SIN),인천(ICN)-싱가폴(SIN),8622.0,2014554.0,113697.0,233.65,104.5,69.49,13.38,False
2024,인천(ICN),싱가폴(SIN),인천(ICN)-싱가폴(SIN),8749.0,1995909.0,126995.0,228.13,-0.93,1.47,11.7,False
2025,인천(ICN),싱가폴(SIN),인천(ICN)-싱가폴(SIN),9027.0,1998344.0,132765.0,221.37,0.12,3.18,4.54,False
2024,인천(ICN),쑹산(TSA),인천(ICN)-쑹산(TSA),1.0,7.0,0.0,7.0,,,,False
2023,인천(ICN),씨엠립 앙코르(SAI),인천(ICN)-씨엠립 앙코르(SAI),7.0,780.0,7.0,111.43,,,,False
2024,인천(ICN),씨엠립 앙코르(SAI),인천(ICN)-씨엠립 앙코르(SAI),140.0,23417.0,231.0,167.26,2902.18,1900.0,3200.0,False
2025,인천(ICN),씨엠립 앙코르(SAI),인천(ICN)-씨엠립 앙코르(SAI),207.0,31740.0,313.0,153.33,35.54,47.86,35.5,False
2022,인천(ICN),씨엠립(REP),인천(ICN)-씨엠립(REP),8.0,847.0,8.0,105.88,,,,False
2023,인천(ICN),씨엠립(REP),인천(ICN)-씨엠립(REP),126.0,23522.0,245.0,186.68,2677.1,1475.0,2962.5,False
2021,인천(ICN),아디스아바바(ADD),인천(ICN)-아디스아바바(ADD),296.0,15682.0,1618.0,52.98,,,,False
2022,인천(ICN),아디스아바바(ADD),인천(ICN)-아디스아바바(ADD),310.0,38684.0,2756.0,124.79,146.68,4.73,70.33,False
2023,인천(ICN),아디스아바바(ADD),인천(ICN)-아디스아바바(ADD),514.0,58860.0,4049.0,114.51,52.16,65.81,46.92,False
2024,인천(ICN),아디스아바바(ADD),인천(ICN)-아디스아바바(ADD),630.0,74739.0,3760.0,118.63,26.98,22.57,-7.14,False
2025,인천(ICN),아디스아바바(ADD),인천(ICN)-아디스아바바(ADD),682.0,72760.0,4918.0,106.69,-2.65,8.25,30.8,False
2021,인천(ICN),아바칸(ABA),인천(ICN)-아바칸(ABA),0.0,0.0,0.0,0.0,,,,False
2022,인천(ICN),아바칸(ABA),인천(ICN)-아바칸(ABA),0.0,0.0,0.0,0.0,,,,False
2023,인천(ICN),아사이까와(AKJ),인천(ICN)-아사이까와(AKJ),26.0,3627.0,33.0,139.5,,,,False
2024,인천(ICN),아사이까와(AKJ),인천(ICN)-아사이까와(AKJ),48.0,7357.0,76.0,153.27,102.84,84.62,130.3,False
2025,인천(ICN),아사이까와(AKJ),인천(ICN)-아사이까와(AKJ),270.0,31370.0,360.0,116.19,326.4,462.5,373.68,False
2022,인천(ICN),아쉬가바트(ASB),인천(ICN)-아쉬가바트(ASB),0.0,0.0,0.0,0.0,,,,False
2023,인천(ICN),아쉬가바트(ASB),인천(ICN)-아쉬가바트(ASB),62.0,0.0,1701.0,0.0,,inf,inf,False
2024,인천(ICN),아쉬가바트(ASB),인천(ICN)-아쉬가바트(ASB),100.0,0.0,3118.0,0.0,,61.29,83.3,False
2025,인천(ICN),아쉬가바트(ASB),인천(ICN)-아쉬가바트(ASB),124.0,5842.0,2785.0,47.11,inf,24.0,-10.68,False
2023,인천(ICN),아오모리(AOJ),인천(ICN)-아오모리(AOJ),18.0,1904.0,21.0,105.78,,,,True
2024,인천(ICN),아오모리(AOJ),인천(ICN)-아오모리(AOJ),296.0,32595.0,401.0,110.12,1611.92,1544.44,1809.52,True
2025,인천(ICN),아오모리(AOJ),인천(ICN)-아오모리(AOJ),314.0,41124.0,523.0,130.97,26.17,6.08,30.42,True
2021,인천(ICN),아테네(ATH),인천(ICN)-아테네(ATH),3.0,0.0,134.0,0.0,,,,False
2023,인천(ICN),아테네(ATH),인천(ICN)-아테네(ATH),14.0,2958.0,50.0,211.29,inf,366.67,-62.69,False
2024,인천(ICN),아테네(ATH),인천(ICN)-아테네(ATH),52.0,13018.0,214.0,250.35,340.09,271.43,328.0,False
2021,인천(ICN),아틀란타(ATL),인천(ICN)-아틀란타(ATL),2896.0,128816.0,71733.0,44.48,,,,False
2022,인천(ICN),아틀란타(ATL),인천(ICN)-아틀란타(ATL),2277.0,302377.0,57427.0,132.8,134.74,-21.37,-19.94,False
2023,인천(ICN),아틀란타(ATL),인천(ICN)-아틀란타(ATL),1862.0,431559.0,41287.0,231.77,42.72,-18.23,-28.11,False
2024,인천(ICN),아틀란타(ATL),인천(ICN)-아틀란타(ATL),2366.0,552969.0,48780.0,233.71,28.13,27.07,18.15,False
2025,인천(ICN),아틀란타(ATL),인천(ICN)-아틀란타(ATL),2659.0,576566.0,49956.0,216.84,4.27,12.38,2.41,False
2021,인천(ICN),악타우(SCO),인천(ICN)-악타우(SCO),1.0,0.0,53.0,0.0,,,,False
2022,인천(ICN),알 막툼(DWC),인천(ICN)-알 막툼(DWC),13.0,127.0,458.0,9.77,,,,False
2023,인천(ICN),알 막툼(DWC),인천(ICN)-알 막툼(DWC),4.0,283.0,110.0,70.75,122.83,-69.23,-75.98,False
2024,인천(ICN),알 막툼(DWC),인천(ICN)-알 막툼(DWC),4.0,264.0,497.0,66.0,-6.71,0.0,351.82,False
2025,인천(ICN),알 막툼(DWC),인천(ICN)-알 막툼(DWC),0.0,0.0,1960.0,0.0,-100.0,-100.0,294.37,False
2021,인천(ICN),알마아타(ALA),인천(ICN)-알마아타(ALA),259.0,27471.0,1263.0,106.07,,,,False
2022,인천(ICN),알마아타(ALA),인천(ICN)-알마아타(ALA),580.0,102065.0,3600.0,175.97,271.54,123.94,185.04,False
2023,인천(ICN),알마아타(ALA),인천(ICN)-알마아타(ALA),1015.0,188198.0,6508.0,185.42,84.39,75.0,80.78,False
2024,인천(ICN),알마아타(ALA),인천(ICN)-알마아타(ALA),1017.0,180950.0,6765.0,177.93,-3.85,0.2,3.95,False
2025,인천(ICN),알마아타(ALA),인천(ICN)-알마아타(ALA),1095.0,185184.0,6733.0,169.12,2.34,7.67,-0.47,False
2021,인천(ICN),알아인(AAN),인천(ICN)-알아인(AAN),1.0,0.0,10.0,0.0,,,,False
2023,인천(ICN),알지에(ALG),인천(ICN)-알지에(ALG),0.0,0.0,0.0,0.0,,,,False
2024,인천(ICN),암만(AMM),인천(ICN)-암만(AMM),2.0,579.0,5.0,289.5,,,,False
2021,인천(ICN),암스텔담(AMS),인천(ICN)-암스텔담(AMS),993.0,65805.0,42133.0,66.27,,,,False
2022,인천(ICN),암스텔담(AMS),인천(ICN)-암스텔담(AMS),1029.0,139924.0,35360.0,135.98,112.63,3.63,-16.08,False
2023,인천(ICN),암스텔담(AMS),인천(ICN)-암스텔담(AMS),1497.0,252635.0,49280.0,168.76,80.55,45.48,39.37,False
2024,인천(ICN),암스텔담(AMS),인천(ICN)-암스텔담(AMS),1364.0,303522.0,56080.0,222.52,20.14,-8.88,13.8,False
2025,인천(ICN),암스텔담(AMS),인천(ICN)-암스텔담(AMS),1406.0,312365.0,55685.0,222.17,2.91,3.08,-0.7,False
2022,인천(ICN),앙카라(ESB),인천(ICN)-앙카라(ESB),26.0,6672.0,99.0,256.62,,,,False
2023,인천(ICN),앙카라(ESB),인천(ICN)-앙카라(ESB),18.0,5036.0,79.0,279.78,-24.52,-30.77,-20.2,False
2025,인천(ICN),앙카라(ESB),인천(ICN)-앙카라(ESB),36.0,10004.0,151.0,277.89,98.65,100.0,91.14,False
2021,인천(ICN),앤더슨공군기지(괌)(UAM),인천(ICN)-앤더슨공군기지(괌)(UAM),1.0,0.0,0.0,0.0,,,,False
2022,인천(ICN),앤더슨공군기지(괌)(UAM),인천(ICN)-앤더슨공군기지(괌)(UAM),2.0,0.0,0.0,0.0,,100.0,,False
2021,인천(ICN),앵커리지(ANC),인천(ICN)-앵커리지(ANC),5657.0,0.0,69363.0,0.0,,,,False
2022,인천(ICN),앵커리지(ANC),인천(ICN)-앵커리지(ANC),6583.0,277.0,67712.0,0.04,inf,16.37,-2.38,False
2023,인천(ICN),앵커리지(ANC),인천(ICN)-앵커리지(ANC),3464.0,1877.0,47915.0,0.54,577.62,-47.38,-29.24,False
2024,인천(ICN),앵커리지(ANC),인천(ICN)-앵커리지(ANC),3219.0,279.0,45832.0,0.09,-85.14,-7.07,-4.35,False
2025,인천(ICN),앵커리지(ANC),인천(ICN)-앵커리지(ANC),3324.0,485.0,47144.0,0.15,73.84,3.26,2.86,False
2023,인천(ICN),양저우타이저우(YTY),인천(ICN)-양저우타이저우(YTY),56.0,4863.0,55.0,86.84,,,,False
2024,인천(ICN),양저우타이저우(YTY),인천(ICN)-양저우타이저우(YTY),208.0,25912.0,275.0,124.58,432.84,271.43,400.0,False
2025,인천(ICN),양저우타이저우(YTY),인천(ICN)-양저우타이저우(YTY),210.0,32290.0,337.0,153.76,24.61,0.96,22.55,False
2024,인천(ICN),어저우화후(EHU),인천(ICN)-어저우화후(EHU),161.0,0.0,1609.0,0.0,,,,False
2025,인천(ICN),어저우화후(EHU),인천(ICN)-어저우화후(EHU),569.0,0.0,6135.0,0.0,,253.42,281.29,False
2021,인천(ICN),에드먼튼(YEG),인천(ICN)-에드먼튼(YEG),1.0,0.0,0.0,0.0,,,,False
2022,인천(ICN),에드먼튼(YEG),인천(ICN)-에드먼튼(YEG),3.0,0.0,49.0,0.0,,200.0,inf,False
2023,인천(ICN),에드먼튼(YEG),인천(ICN)-에드먼튼(YEG),1.0,171.0,3.0,171.0,inf,-66.67,-93.88,False
2024,인천(ICN),에드먼튼(YEG),인천(ICN)-에드먼튼(YEG),1.0,0.0,3.0,0.0,-100.0,0.0,0.0,False
2025,인천(ICN),에드먼튼(YEG),인천(ICN)-에드먼튼(YEG),0.0,0.0,0.0,0.0,,-100.0,-100.0,False
2021,인천(ICN),에르푸르트 바이마르(ERF),인천(ICN)-에르푸르트 바이마르(ERF),1.0,0.0,0.0,0.0,,,,False
2025,인천(ICN),에버레트(PAE),인천(ICN)-에버레트(PAE),0.0,0.0,0.0,0.0,,,,False
2021,인천(ICN),에카테린버그(SVX),인천(ICN)-에카테린버그(SVX),2.0,0.0,4.0,0.0,,,,False
2025,인천(ICN),엔시 쉬자핑(ENH),인천(ICN)-엔시 쉬자핑(ENH),42.0,3103.0,32.0,73.88,,,,False
2021,인천(ICN),엘멘도르프(EDF),인천(ICN)-엘멘도르프(EDF),1.0,0.0,0.0,0.0,,,,False
2022,인천(ICN),엘멘도르프(EDF),인천(ICN)-엘멘도르프(EDF),1.0,0.0,0.0,0.0,,0.0,,False
2021,인천(ICN),엘슨(EIL),인천(ICN)-엘슨(EIL),1.0,0.0,0.0,0.0,,,,False
2024,인천(ICN),엘슨(EIL),인천(ICN)-엘슨(EIL),0.0,0.0,0.0,0.0,,-100.0,,False
2025,인천(ICN),엘슨(EIL),인천(ICN)-엘슨(EIL),0.0,0.0,0.0,0.0,,,,False
2023,인천(ICN),엠벌리공군기지(AMB),인천(ICN)-엠벌리공군기지(AMB),0.0,0.0,34.0,0.0,,,,False
2021,인천(ICN),연길(YNJ),인천(ICN)-연길(YNJ),74.0,8978.0,307.0,121.32,,,,False
2022,인천(ICN),연길(YNJ),인천(ICN)-연길(YNJ),40.0,5699.0,106.0,142.48,-36.52,-45.95,-65.47,False
2023,인천(ICN),연길(YNJ),인천(ICN)-연길(YNJ),2824.0,348221.0,5644.0,123.31,6010.21,6960.0,5224.53,False
2024,인천(ICN),연길(YNJ),인천(ICN)-연길(YNJ),3849.0,546199.0,8066.0,141.91,56.85,36.3,42.91,False
2025,인천(ICN),연길(YNJ),인천(ICN)-연길(YNJ),2862.0,415488.0,6140.0,145.17,-23.93,-25.64,-23.88,False
2021,인천(ICN),연대(YNT),인천(ICN)-연대(YNT),2672.0,22242.0,27221.0,8.32,,,,False
2022,인천(ICN),연대(YNT),인천(ICN)-연대(YNT),2426.0,16889.0,28247.0,6.96,-24.07,-9.21,3.77,False
2023,인천(ICN),연대(YNT),인천(ICN)-연대(YNT),4341.0,181196.0,34701.0,41.74,972.86,78.94,22.85,False
2024,인천(ICN),연대(YNT),인천(ICN)-연대(YNT),5251.0,314067.0,35032.0,59.81,73.33,20.96,0.95,False
2025,인천(ICN),연대(YNT),인천(ICN)-연대(YNT),5195.0,353859.0,37510.0,68.12,12.67,-1.07,7.07,False
2021,인천(ICN),염성(YNZ),인천(ICN)-염성(YNZ),218.0,0.0,1693.0,0.0,,,,False
2023,인천(ICN),염성(YNZ),인천(ICN)-염성(YNZ),130.0,5043.0,172.0,38.79,inf,-40.37,-89.84,False
2024,인천(ICN),염성(YNZ),인천(ICN)-염성(YNZ),316.0,14728.0,798.0,46.61,192.05,143.08,363.95,False
2025,인천(ICN),염성(YNZ),인천(ICN)-염성(YNZ),340.0,23857.0,1187.0,70.17,61.98,7.59,48.75,False
2024,인천(ICN),예레반(EVN),인천(ICN)-예레반(EVN),4.0,1075.0,18.0,268.75,,,,False
2025,인천(ICN),예레반(EVN),인천(ICN)-예레반(EVN),8.0,2230.0,37.0,278.75,107.44,100.0,105.56,False
2021,인천(ICN),옐로우나이프(YZF),인천(ICN)-옐로우나이프(YZF),0.0,0.0,17.0,0.0,,,,False
2022,인천(ICN),옐로우나이프(YZF),인천(ICN)-옐로우나이프(YZF),0.0,0.0,16.0,0.0,,,-5.88,False
2023,인천(ICN),오까야마(OKJ),인천(ICN)-오까야마(OKJ),60.0,7240.0,79.0,120.67,,,,False
2024,인천(ICN),오까야마(OKJ),인천(ICN)-오까야마(OKJ),382.0,45214.0,547.0,118.36,524.5,536.67,592.41,False
2025,인천(ICN),오까야마(OKJ),인천(ICN)-오까야마(OKJ),398.0,51795.0,629.0,130.14,14.56,4.19,14.99,False
2022,인천(ICN),오끼나와(OKA),인천(ICN)-오끼나와(OKA),201.0,26947.0,270.0,134.06,,,,True
2023,인천(ICN),오끼나와(OKA),인천(ICN)-오끼나와(OKA),3575.0,573696.0,5998.0,160.47,2028.98,1678.61,2121.48,True
2024,인천(ICN),오끼나와(OKA),인천(ICN)-오끼나와(OKA),4065.0,720923.0,7745.0,177.35,25.66,13.71,29.13,True
2025,인천(ICN),오끼나와(OKA),인천(ICN)-오끼나와(OKA),4499.0,858236.0,9378.0,190.76,19.05,10.68,21.08,True
2024,인천(ICN),오르도스(DSN),인천(ICN)-오르도스(DSN),54.0,8513.0,90.0,157.65,,,,False
2025,인천(ICN),오르도스(DSN),인천(ICN)-오르도스(DSN),80.0,12378.0,133.0,154.72,45.4,48.15,47.78,False
2022,인천(ICN),오브다(VDA),인천(ICN)-오브다(VDA),1.0,0.0,0.0,0.0,,,,False
2024,인천(ICN),오비히로(OBO),인천(ICN)-오비히로(OBO),2.0,344.0,3.0,172.0,,,,False
2025,인천(ICN),오비히로(OBO),인천(ICN)-오비히로(OBO),30.0,3380.0,31.0,112.67,882.56,1400.0,933.33,False
2025,인천(ICN),오산(OSN),인천(ICN)-오산(OSN),1.0,0.0,0.0,0.0,,,,False
2021,인천(ICN),오스코다(OSC),인천(ICN)-오스코다(OSC),4.0,0.0,5.0,0.0,,,,False
2022,인천(ICN),오스코다(OSC),인천(ICN)-오스코다(OSC),3.0,0.0,0.0,0.0,,-25.0,-100.0,False
2023,인천(ICN),오스코다(OSC),인천(ICN)-오스코다(OSC),0.0,0.0,0.0,0.0,,-100.0,,False
2025,인천(ICN),오스코다(OSC),인천(ICN)-오스코다(OSC),1.0,0.0,0.0,0.0,,inf,,False
2021,인천(ICN),오슬로(OSL),인천(ICN)-오슬로(OSL),434.0,0.0,25438.0,0.0,,,,False
2022,인천(ICN),오슬로(OSL),인천(ICN)-오슬로(OSL),408.0,0.0,25924.0,0.0,,-5.99,1.91,False
2023,인천(ICN),오슬로(OSL),인천(ICN)-오슬로(OSL),428.0,10405.0,21301.0,24.31,inf,4.9,-17.83,False
2024,인천(ICN),오슬로(OSL),인천(ICN)-오슬로(OSL),489.0,11543.0,25017.0,23.61,10.94,14.25,17.45,False
2025,인천(ICN),오슬로(OSL),인천(ICN)-오슬로(OSL),347.0,5525.0,21199.0,15.92,-52.14,-29.04,-15.26,False
2023,인천(ICN),오이다(OIT),인천(ICN)-오이다(OIT),166.0,25686.0,326.0,154.73,,,,False
2024,인천(ICN),오이다(OIT),인천(ICN)-오이다(OIT),612.0,99242.0,1084.0,162.16,286.37,268.67,232.52,False
2025,인천(ICN),오이다(OIT),인천(ICN)-오이다(OIT),492.0,72906.0,851.0,148.18,-26.54,-19.61,-21.49,False
2021,인천(ICN),오크랜드(미)(OAK),인천(ICN)-오크랜드(미)(OAK),284.0,0.0,0.0,0.0,,,,False
2022,인천(ICN),오크랜드(미)(OAK),인천(ICN)-오크랜드(미)(OAK),255.0,0.0,0.0,0.0,,-10.21,,False
2023,인천(ICN),오크랜드(미)(OAK),인천(ICN)-오크랜드(미)(OAK),260.0,0.0,0.0,0.0,,1.96,,False
2024,인천(ICN),오크랜드(미)(OAK),인천(ICN)-오크랜드(미)(OAK),261.0,0.0,0.0,0.0,,0.38,,False
2025,인천(ICN),오크랜드(미)(OAK),인천(ICN)-오크랜드(미)(OAK),255.0,0.0,0.0,0.0,,-2.3,,False
2021,인천(ICN),오클랜드(AKL),인천(ICN)-오클랜드(AKL),185.0,5334.0,3025.0,28.83,,,,False
2022,인천(ICN),오클랜드(AKL),인천(ICN)-오클랜드(AKL),378.0,64467.0,4784.0,170.55,1108.61,104.32,58.15,False
2023,인천(ICN),오클랜드(AKL),인천(ICN)-오클랜드(AKL),845.0,172897.0,9731.0,204.61,168.19,123.54,103.41,False
2024,인천(ICN),오클랜드(AKL),인천(ICN)-오클랜드(AKL),612.0,144875.0,8042.0,236.72,-16.21,-27.57,-17.36,False
2025,인천(ICN),오클랜드(AKL),인천(ICN)-오클랜드(AKL),586.0,144263.0,7318.0,246.18,-0.42,-4.25,-9.0,False
2021,인천(ICN),온타리오(ONT),인천(ICN)-온타리오(ONT),48.0,0.0,34.0,0.0,,,,False
2022,인천(ICN),온타리오(ONT),인천(ICN)-온타리오(ONT),24.0,0.0,0.0,0.0,,-50.0,-100.0,False
2023,인천(ICN),온타리오(ONT),인천(ICN)-온타리오(ONT),1.0,0.0,13.0,0.0,,-95.83,inf,False
2024,인천(ICN),온타리오(ONT),인천(ICN)-온타리오(ONT),0.0,0.0,0.0,0.0,,-100.0,-100.0,False
2025,인천(ICN),온타리오(ONT),인천(ICN)-온타리오(ONT),0.0,0.0,0.0,0.0,,,,False
2022,인천(ICN),올랜도(MCO),인천(ICN)-올랜도(MCO),1.0,0.0,34.0,0.0,,,,False
2022,인천(ICN),올비아(OLB),인천(ICN)-올비아(OLB),1.0,2.0,0.0,2.0,,,,False
2022,인천(ICN),와가두구(OUA),인천(ICN)-와가두구(OUA),1.0,0.0,23.0,0.0,,,,False
2021,인천(ICN),요꼬다(OKO),인천(ICN)-요꼬다(OKO),1.0,0.0,0.0,0.0,,,,False
2024,인천(ICN),요꼬다(OKO),인천(ICN)-요꼬다(OKO),1.0,0.0,0.0,0.0,,0.0,,False
2023,인천(ICN),요나고(YGJ),인천(ICN)-요나고(YGJ),78.0,13183.0,110.0,169.01,,,,True
2024,인천(ICN),요나고(YGJ),인천(ICN)-요나고(YGJ),312.0,52328.0,401.0,167.72,296.94,300.0,264.55,True
2025,인천(ICN),요나고(YGJ),인천(ICN)-요나고(YGJ),466.0,76328.0,532.0,163.79,45.86,49.36,32.67,True
2022,인천(ICN),우간다 그로드(UDJ),인천(ICN)-우간다 그로드(UDJ),2.0,0.0,0.0,0.0,,,,False
2023,인천(ICN),우간다 그로드(UDJ),인천(ICN)-우간다 그로드(UDJ),1.0,0.0,0.0,0.0,,-50.0,,False
2025,인천(ICN),우당산(WDS),인천(ICN)-우당산(WDS),8.0,967.0,9.0,120.88,,,,False
2024,인천(ICN),우베(UBJ),인천(ICN)-우베(UBJ),30.0,4854.0,42.0,161.8,,,,False
2025,인천(ICN),우베(UBJ),인천(ICN)-우베(UBJ),36.0,5916.0,49.0,164.33,21.88,20.0,16.67,False
2021,인천(ICN),우시샤우팡(WUX),인천(ICN)-우시샤우팡(WUX),42.0,0.0,909.0,0.0,,,,False
2022,인천(ICN),우시샤우팡(WUX),인천(ICN)-우시샤우팡(WUX),31.0,0.0,1085.0,0.0,,-26.19,19.36,False
2023,인천(ICN),우시샤우팡(WUX),인천(ICN)-우시샤우팡(WUX),540.0,27638.0,1165.0,51.18,inf,1641.94,7.37,False
2024,인천(ICN),우시샤우팡(WUX),인천(ICN)-우시샤우팡(WUX),1508.0,104786.0,6857.0,69.49,279.14,179.26,488.58,False
2025,인천(ICN),우시샤우팡(WUX),인천(ICN)-우시샤우팡(WUX),1740.0,142051.0,10244.0,81.64,35.56,15.38,49.39,False
2025,인천(ICN),우이산 공항(WUS),인천(ICN)-우이산 공항(WUS),50.0,2892.0,26.0,57.84,,,,False
2022,인천(ICN),우타파오(UTP),인천(ICN)-우타파오(UTP),0.0,0.0,0.0,0.0,,,,False
2023,인천(ICN),우타파오(UTP),인천(ICN)-우타파오(UTP),0.0,0.0,2.0,0.0,,,inf,False
2024,인천(ICN),우타파오(UTP),인천(ICN)-우타파오(UTP),2.0,0.0,36.0,0.0,,inf,1700.0,False
2021,인천(ICN),우한(무한)(WUH),인천(ICN)-우한(무한)(WUH),526.0,8402.0,5643.0,15.97,,,,False
2022,인천(ICN),우한(무한)(WUH),인천(ICN)-우한(무한)(WUH),488.0,11495.0,6664.0,23.56,36.81,-7.22,18.09,False
2023,인천(ICN),우한(무한)(WUH),인천(ICN)-우한(무한)(WUH),428.0,20254.0,7521.0,47.32,76.2,-12.3,12.86,False
2024,인천(ICN),우한(무한)(WUH),인천(ICN)-우한(무한)(WUH),568.0,91789.0,7774.0,161.6,353.19,32.71,3.36,False
2025,인천(ICN),우한(무한)(WUH),인천(ICN)-우한(무한)(WUH),610.0,115381.0,6476.0,189.15,25.7,7.39,-16.7,False
2024,인천(ICN),우후(WHA),인천(ICN)-우후(WHA),140.0,0.0,1168.0,0.0,,,,False
2025,인천(ICN),우후(WHA),인천(ICN)-우후(WHA),140.0,0.0,1184.0,0.0,,0.0,1.37,False
2021,인천(ICN),울란바토르(신)(UBN),인천(ICN)-울란바토르(신)(UBN),410.0,29331.0,3924.0,71.54,,,,False
2022,인천(ICN),울란바토르(신)(UBN),인천(ICN)-울란바토르(신)(UBN),1961.0,294494.0,13279.0,150.18,904.04,378.29,238.4,False
2023,인천(ICN),울란바토르(신)(UBN),인천(ICN)-울란바토르(신)(UBN),3216.0,572837.0,15912.0,178.12,94.52,64.0,19.83,False
2024,인천(ICN),울란바토르(신)(UBN),인천(ICN)-울란바토르(신)(UBN),3600.0,635331.0,18392.0,176.48,10.91,11.94,15.59,False
2025,인천(ICN),울란바토르(신)(UBN),인천(ICN)-울란바토르(신)(UBN),3682.0,639208.0,18163.0,173.6,0.61,2.28,-1.25,False
2021,인천(ICN),울란우태(UUD),인천(ICN)-울란우태(UUD),0.0,0.0,0.0,0.0,,,,False
2022,인천(ICN),울란우태(UUD),인천(ICN)-울란우태(UUD),0.0,0.0,0.0,0.0,,,,False
2021,인천(ICN),울산(USN),인천(ICN)-울산(USN),1.0,47.0,0.0,47.0,,,,False
2021,인천(ICN),울야노브스크(ULY),인천(ICN)-울야노브스크(ULY),0.0,0.0,0.0,0.0,,,,False
2021,인천(ICN),워싱턴 덜레스(IAD),인천(ICN)-워싱턴 덜레스(IAD),418.0,32082.0,6230.0,76.75,,,,False
2022,인천(ICN),워싱턴 덜레스(IAD),인천(ICN)-워싱턴 덜레스(IAD),602.0,104805.0,10656.0,174.09,226.68,44.02,71.04,False
2023,인천(ICN),워싱턴 덜레스(IAD),인천(ICN)-워싱턴 덜레스(IAD),701.0,165233.0,10748.0,235.71,57.66,16.45,0.86,False
2024,인천(ICN),워싱턴 덜레스(IAD),인천(ICN)-워싱턴 덜레스(IAD),732.0,175273.0,12056.0,239.44,6.08,4.42,12.17,False
2025,인천(ICN),워싱턴 덜레스(IAD),인천(ICN)-워싱턴 덜레스(IAD),730.0,173304.0,10753.0,237.4,-1.12,-0.27,-10.81,False
2022,인천(ICN),원저우(WNZ),인천(ICN)-원저우(WNZ),8.0,0.0,4.0,0.0,,,,False
2023,인천(ICN),원저우(WNZ),인천(ICN)-원저우(WNZ),700.0,11374.0,4308.0,16.25,inf,8650.0,107600.0,False
2024,인천(ICN),원저우(WNZ),인천(ICN)-원저우(WNZ),923.0,32615.0,8411.0,35.34,186.75,31.86,95.24,False
2025,인천(ICN),원저우(WNZ),인천(ICN)-원저우(WNZ),1016.0,44598.0,11895.0,43.9,36.74,10.08,41.42,False
2021,인천(ICN),웨이하이(WEH),인천(ICN)-웨이하이(WEH),1368.0,13264.0,12756.0,9.7,,,,False
2022,인천(ICN),웨이하이(WEH),인천(ICN)-웨이하이(WEH),938.0,13874.0,6949.0,14.79,4.6,-31.43,-45.52,False
2023,인천(ICN),웨이하이(WEH),인천(ICN)-웨이하이(WEH),2064.0,136019.0,10296.0,65.9,880.39,120.04,48.17,False
2024,인천(ICN),웨이하이(WEH),인천(ICN)-웨이하이(WEH),2260.0,200712.0,11751.0,88.81,47.56,9.5,14.13,False
2025,인천(ICN),웨이하이(WEH),인천(ICN)-웨이하이(WEH),2530.0,243219.0,15724.0,96.13,21.18,11.95,33.81,False
2021,인천(ICN),위니펙(YWG),인천(ICN)-위니펙(YWG),0.0,0.0,0.0,0.0,,,,False
2022,인천(ICN),위니펙(YWG),인천(ICN)-위니펙(YWG),0.0,0.0,0.0,0.0,,,,False
2023,인천(ICN),위니펙(YWG),인천(ICN)-위니펙(YWG),0.0,0.0,0.0,0.0,,,,False
2024,인천(ICN),위니펙(YWG),인천(ICN)-위니펙(YWG),0.0,0.0,0.0,0.0,,,,False
2025,인천(ICN),위니펙(YWG),인천(ICN)-위니펙(YWG),0.0,0.0,0.0,0.0,,,,False
2024,인천(ICN),위린(UYN),인천(ICN)-위린(UYN),48.0,5610.0,39.0,116.88,,,,False
2021,인천(ICN),이루크츠크(IKT),인천(ICN)-이루크츠크(IKT),24.0,87.0,185.0,3.62,,,,False
2022,인천(ICN),이루크츠크(IKT),인천(ICN)-이루크츠크(IKT),4.0,0.0,37.0,0.0,-100.0,-83.33,-80.0,False
2023,인천(ICN),이바라키(IBR),인천(ICN)-이바라키(IBR),12.0,1312.0,21.0,109.33,,,,False
2025,인천(ICN),이바라키(IBR),인천(ICN)-이바라키(IBR),43.0,4155.0,40.0,96.63,216.69,258.33,90.48,False
2021,인천(ICN),이스탄불(ISL),인천(ICN)-이스탄불(ISL),204.0,0.0,15535.0,0.0,,,,False
2022,인천(ICN),이스탄불(ISL),인천(ICN)-이스탄불(ISL),22.0,0.0,1429.0,0.0,,-89.22,-90.8,False
2021,인천(ICN),이스탄불(IST),인천(ICN)-이스탄불(IST),498.0,47523.0,10678.0,95.43,,,,False
2022,인천(ICN),이스탄불(IST),인천(ICN)-이스탄불(IST),1170.0,281260.0,31820.0,240.39,491.84,134.94,198.0,False
2023,인천(ICN),이스탄불(IST),인천(ICN)-이스탄불(IST),1996.0,509771.0,42994.0,255.4,81.25,70.6,35.12,False
2024,인천(ICN),이스탄불(IST),인천(ICN)-이스탄불(IST),2183.0,546544.0,50153.0,250.36,7.21,9.37,16.65,False
2025,인천(ICN),이스탄불(IST),인천(ICN)-이스탄불(IST),2158.0,566360.0,50211.0,262.45,3.63,-1.15,0.12,False
2021,인천(ICN),이스트미들랜드(EMA),인천(ICN)-이스트미들랜드(EMA),2.0,0.0,113.0,0.0,,,,False
2022,인천(ICN),이스트미들랜드(EMA),인천(ICN)-이스트미들랜드(EMA),26.0,0.0,358.0,0.0,,1200.0,216.81,False
2023,인천(ICN),이스트미들랜드(EMA),인천(ICN)-이스트미들랜드(EMA),140.0,0.0,2153.0,0.0,,438.46,501.4,False
2024,인천(ICN),이스트미들랜드(EMA),인천(ICN)-이스트미들랜드(EMA),2.0,0.0,8.0,0.0,,-98.57,-99.63,False
2025,인천(ICN),이스트미들랜드(EMA),인천(ICN)-이스트미들랜드(EMA),4.0,0.0,0.0,0.0,,100.0,-100.0,False
2025,인천(ICN),이시가키(ISG),인천(ICN)-이시가키(ISG),388.0,50244.0,531.0,129.49,,,,False
2024,인천(ICN),이창(YIH),인천(ICN)-이창(YIH),56.0,7494.0,80.0,133.82,,,,False
2025,인천(ICN),이창(YIH),인천(ICN)-이창(YIH),68.0,9583.0,92.0,140.93,27.88,21.43,15.0,False
2021,인천(ICN),인디아나폴리스(IND),인천(ICN)-인디아나폴리스(IND),389.0,0.0,29.0,0.0,,,,False
2022,인천(ICN),인디아나폴리스(IND),인천(ICN)-인디아나폴리스(IND),451.0,0.0,0.0,0.0,,15.94,-100.0,False
2023,인천(ICN),인디아나폴리스(IND),인천(ICN)-인디아나폴리스(IND),756.0,0.0,831.0,0.0,,67.63,inf,False
2024,인천(ICN),인디아나폴리스(IND),인천(ICN)-인디아나폴리스(IND),762.0,0.0,285.0,0.0,,0.79,-65.7,False
2025,인천(ICN),인디아나폴리스(IND),인천(ICN)-인디아나폴리스(IND),628.0,0.0,115.0,0.0,,-17.59,-59.65,False
2021,인천(ICN),인천(ICN),인천(ICN)-인천(ICN),299.0,32237.0,2.0,107.82,,,,False
2022,인천(ICN),인천(ICN),인천(ICN)-인천(ICN),30.0,3484.0,2.0,116.13,-89.19,-89.97,0.0,False
2023,인천(ICN),자그레브(ZAG),인천(ICN)-자그레브(ZAG),6.0,1269.0,17.0,211.5,,,,False
2024,인천(ICN),자그레브(ZAG),인천(ICN)-자그레브(ZAG),142.0,20050.0,577.0,141.2,1479.98,2266.67,3294.12,False
2025,인천(ICN),자그레브(ZAG),인천(ICN)-자그레브(ZAG),122.0,24597.0,717.0,201.61,22.68,-14.08,24.26,False
2023,인천(ICN),자무쓰(JMU),인천(ICN)-자무쓰(JMU),94.0,10674.0,163.0,113.55,,,,False
2024,인천(ICN),자무쓰(JMU),인천(ICN)-자무쓰(JMU),114.0,14689.0,238.0,128.85,37.61,21.28,46.01,False
2025,인천(ICN),자무쓰(JMU),인천(ICN)-자무쓰(JMU),98.0,13705.0,207.0,139.85,-6.7,-14.04,-13.03,False
2021,인천(ICN),자이드(AUH),인천(ICN)-자이드(AUH),774.0,46701.0,15299.0,60.34,,,,False
2022,인천(ICN),자이드(AUH),인천(ICN)-자이드(AUH),730.0,174021.0,13828.0,238.38,272.63,-5.68,-9.62,False
2023,인천(ICN),자이드(AUH),인천(ICN)-자이드(AUH),756.0,205788.0,13521.0,272.21,18.25,3.56,-2.22,False
2024,인천(ICN),자이드(AUH),인천(ICN)-자이드(AUH),1018.0,241089.0,17565.0,236.83,17.15,34.66,29.91,False
2025,인천(ICN),자이드(AUH),인천(ICN)-자이드(AUH),1139.0,288063.0,19761.0,252.91,19.48,11.89,12.5,False
2021,인천(ICN),자카르타(CGK),인천(ICN)-자카르타(CGK),1518.0,73471.0,35698.0,48.4,,,,False
2022,인천(ICN),자카르타(CGK),인천(ICN)-자카르타(CGK),1420.0,243208.0,26219.0,171.27,231.03,-6.46,-26.55,False
2023,인천(ICN),자카르타(CGK),인천(ICN)-자카르타(CGK),1782.0,419147.0,21320.0,235.21,72.34,25.49,-18.68,False
2024,인천(ICN),자카르타(CGK),인천(ICN)-자카르타(CGK),1958.0,464787.0,26419.0,237.38,10.89,9.88,23.92,False
2025,인천(ICN),자카르타(CGK),인천(ICN)-자카르타(CGK),2070.0,484272.0,28351.0,233.95,4.19,5.72,7.31,False
2021,인천(ICN),잠빌(DMB),인천(ICN)-잠빌(DMB),1.0,0.0,54.0,0.0,,,,False
2023,인천(ICN),장가계(대용)(DYG),인천(ICN)-장가계(대용)(DYG),145.0,17856.0,198.0,123.14,,,,False
2024,인천(ICN),장가계(대용)(DYG),인천(ICN)-장가계(대용)(DYG),533.0,82996.0,917.0,155.71,364.81,267.59,363.13,False
2025,인천(ICN),장가계(대용)(DYG),인천(ICN)-장가계(대용)(DYG),757.0,119549.0,1366.0,157.92,44.04,42.03,48.96,False
2021,인천(ICN),장춘(CGQ),인천(ICN)-장춘(CGQ),104.0,35810.0,1039.0,344.33,,,,False
2022,인천(ICN),장춘(CGQ),인천(ICN)-장춘(CGQ),94.0,22493.0,467.0,239.29,-37.19,-9.62,-55.05,False
2023,인천(ICN),장춘(CGQ),인천(ICN)-장춘(CGQ),961.0,142963.0,2527.0,148.76,535.59,922.34,441.11,False
2024,인천(ICN),장춘(CGQ),인천(ICN)-장춘(CGQ),1244.0,183898.0,2966.0,147.83,28.63,29.45,17.37,False
2025,인천(ICN),장춘(CGQ),인천(ICN)-장춘(CGQ),1640.0,241354.0,3700.0,147.17,31.24,31.83,24.75,False
2021,인천(ICN),정저우(CGO),인천(ICN)-정저우(CGO),730.0,0.0,11642.0,0.0,,,,False
2022,인천(ICN),정저우(CGO),인천(ICN)-정저우(CGO),783.0,0.0,13192.0,0.0,,7.26,13.31,False
2023,인천(ICN),정저우(CGO),인천(ICN)-정저우(CGO),720.0,10812.0,16205.0,15.02,inf,-8.05,22.84,False
2024,인천(ICN),정저우(CGO),인천(ICN)-정저우(CGO),1389.0,85517.0,20036.0,61.57,690.95,92.92,23.64,False
2025,인천(ICN),정저우(CGO),인천(ICN)-정저우(CGO),1819.0,156212.0,20842.0,85.88,82.67,30.96,4.02,False
2022,인천(ICN),제다(JED),인천(ICN)-제다(JED),120.0,3105.0,415.0,25.88,,,,False
2023,인천(ICN),제다(JED),인천(ICN)-제다(JED),232.0,27366.0,1753.0,117.96,781.35,93.33,322.41,False
2024,인천(ICN),제다(JED),인천(ICN)-제다(JED),28.0,2118.0,196.0,75.64,-92.26,-87.93,-88.82,False
2022,인천(ICN),제슈프(RZE),인천(ICN)-제슈프(RZE),2.0,0.0,55.0,0.0,,,,False
2024,인천(ICN),제슈프(RZE),인천(ICN)-제슈프(RZE),0.0,0.0,0.0,0.0,,-100.0,-100.0,False
2021,인천(ICN),제주(CJU),인천(ICN)-제주(CJU),12.0,581.0,2.0,48.42,,,,False
2022,인천(ICN),제주(CJU),인천(ICN)-제주(CJU),0.0,0.0,0.0,0.0,-100.0,-100.0,-100.0,False
2023,인천(ICN),제주(CJU),인천(ICN)-제주(CJU),0.0,0.0,0.0,0.0,,,,False
2024,인천(ICN),제주(CJU),인천(ICN)-제주(CJU),0.0,0.0,0.0,0.0,,,,False
2022,인천(ICN),조호바루(JHB),인천(ICN)-조호바루(JHB),1.0,0.0,0.0,0.0,,,,False
2025,인천(ICN),주바(JUB),인천(ICN)-주바(JUB),2.0,254.0,6.0,127.0,,,,False
2021,인천(ICN),주콥스키(ZIA),인천(ICN)-주콥스키(ZIA),1.0,0.0,0.0,0.0,,,,False
2021,인천(ICN),지난(TNA),인천(ICN)-지난(TNA),107.0,10247.0,191.0,95.77,,,,False
2022,인천(ICN),지난(TNA),인천(ICN)-지난(TNA),60.0,6670.0,177.0,111.17,-34.91,-43.93,-7.33,False
2023,인천(ICN),지난(TNA),인천(ICN)-지난(TNA),796.0,78805.0,1271.0,99.0,1081.48,1226.67,618.08,False
2024,인천(ICN),지난(TNA),인천(ICN)-지난(TNA),1561.0,202181.0,3547.0,129.52,156.56,96.11,179.07,False
2025,인천(ICN),지난(TNA),인천(ICN)-지난(TNA),2333.0,280382.0,8744.0,120.18,38.68,49.46,146.52,False
2022,인천(ICN),지부티(JIB),인천(ICN)-지부티(JIB),0.0,0.0,0.0,0.0,,,,False
2021,인천(ICN),창사(CSX),인천(ICN)-창사(CSX),0.0,0.0,0.0,0.0,,,,False
2022,인천(ICN),창사(CSX),인천(ICN)-창사(CSX),0.0,0.0,0.0,0.0,,,,False
2023,인천(ICN),창사(CSX),인천(ICN)-창사(CSX),576.0,87118.0,1843.0,151.25,inf,inf,inf,False
2024,인천(ICN),창사(CSX),인천(ICN)-창사(CSX),1163.0,174573.0,3379.0,150.11,100.39,101.91,83.34,False
2025,인천(ICN),창사(CSX),인천(ICN)-창사(CSX),1080.0,150492.0,2481.0,139.34,-13.79,-7.14,-26.58,False
2021,인천(ICN),천진(TSN),인천(ICN)-천진(TSN),1400.0,16140.0,70283.0,11.53,,,,False
2022,인천(ICN),천진(TSN),인천(ICN)-천진(TSN),1258.0,13740.0,60695.0,10.92,-14.87,-10.14,-13.64,False
2023,인천(ICN),천진(TSN),인천(ICN)-천진(TSN),2287.0,151329.0,48116.0,66.17,1001.38,81.8,-20.72,False
2024,인천(ICN),천진(TSN),인천(ICN)-천진(TSN),3024.0,259224.0,40136.0,85.72,71.3,32.23,-16.58,False
2025,인천(ICN),천진(TSN),인천(ICN)-천진(TSN),3559.0,350244.0,40651.0,98.41,35.11,17.69,1.28,False
2021,인천(ICN),청도(TAO),인천(ICN)-청도(TAO),1718.0,46216.0,15579.0,26.9,,,,False
2022,인천(ICN),청도(TAO),인천(ICN)-청도(TAO),1479.0,59950.0,14345.0,40.53,29.72,-13.91,-7.92,False
2023,인천(ICN),청도(TAO),인천(ICN)-청도(TAO),7211.0,731304.0,27788.0,101.42,1119.86,387.56,93.71,False
2024,인천(ICN),청도(TAO),인천(ICN)-청도(TAO),10717.0,1378204.0,35278.0,128.6,88.46,48.62,26.95,False
2025,인천(ICN),청도(TAO),인천(ICN)-청도(TAO),11051.0,1553933.0,38365.0,140.61,12.75,3.12,8.75,False
2021,인천(ICN),청두(CTU),인천(ICN)-청두(CTU),482.0,11635.0,4655.0,24.14,,,,False
2022,인천(ICN),청두(CTU),인천(ICN)-청두(CTU),572.0,3290.0,5787.0,5.75,-71.72,18.67,24.32,False
2023,인천(ICN),청두(CTU),인천(ICN)-청두(CTU),368.0,3200.0,3358.0,8.7,-2.74,-35.66,-41.97,False
2024,인천(ICN),청두(CTU),인천(ICN)-청두(CTU),321.0,0.0,3159.0,0.0,-100.0,-12.77,-5.93,False
2025,인천(ICN),청두(CTU),인천(ICN)-청두(CTU),334.0,0.0,3738.0,0.0,,4.05,18.33,False
2021,인천(ICN),첸나이(MAA),인천(ICN)-첸나이(MAA),94.0,5591.0,964.0,59.48,,,,False
2022,인천(ICN),첸나이(MAA),인천(ICN)-첸나이(MAA),8.0,616.0,144.0,77.0,-88.98,-91.49,-85.06,False
2023,인천(ICN),첸나이(MAA),인천(ICN)-첸나이(MAA),2.0,0.0,85.0,0.0,-100.0,-75.0,-40.97,False
2024,인천(ICN),첸나이(MAA),인천(ICN)-첸나이(MAA),0.0,0.0,0.0,0.0,,-100.0,-100.0,False
2021,인천(ICN),총킹(중경)(CKG),인천(ICN)-총킹(중경)(CKG),254.0,0.0,5548.0,0.0,,,,False
2022,인천(ICN),총킹(중경)(CKG),인천(ICN)-총킹(중경)(CKG),201.0,1250.0,4486.0,6.22,inf,-20.87,-19.14,False
2023,인천(ICN),총킹(중경)(CKG),인천(ICN)-총킹(중경)(CKG),513.0,30413.0,2615.0,59.28,2333.04,155.22,-41.71,False
2024,인천(ICN),총킹(중경)(CKG),인천(ICN)-총킹(중경)(CKG),932.0,84601.0,3873.0,90.77,178.17,81.68,48.11,False
2025,인천(ICN),총킹(중경)(CKG),인천(ICN)-총킹(중경)(CKG),1000.0,113216.0,3082.0,113.22,33.82,7.3,-20.42,False
2024,인천(ICN),충하이보아오(BAR),인천(ICN)-충하이보아오(BAR),2.0,76.0,1.0,38.0,,,,False
2025,인천(ICN),충하이보아오(BAR),인천(ICN)-충하이보아오(BAR),8.0,472.0,5.0,59.0,521.05,300.0,400.0,False
2021,인천(ICN),취리히(ZRH),인천(ICN)-취리히(ZRH),154.0,0.0,5393.0,0.0,,,,False
2022,인천(ICN),취리히(ZRH),인천(ICN)-취리히(ZRH),104.0,0.0,3980.0,0.0,,-32.47,-26.2,False
2023,인천(ICN),취리히(ZRH),인천(ICN)-취리히(ZRH),280.0,48913.0,5267.0,174.69,inf,169.23,32.34,False
2024,인천(ICN),취리히(ZRH),인천(ICN)-취리히(ZRH),426.0,75594.0,8942.0,177.45,54.55,52.14,69.77,False
2025,인천(ICN),취리히(ZRH),인천(ICN)-취리히(ZRH),480.0,86304.0,9145.0,179.8,14.17,12.68,2.27,False
2021,인천(ICN),치앙마이(CNX),인천(ICN)-치앙마이(CNX),10.0,877.0,22.0,87.7,,,,False
2022,인천(ICN),치앙마이(CNX),인천(ICN)-치앙마이(CNX),320.0,52612.0,854.0,164.41,5899.09,3100.0,3781.82,False
2023,인천(ICN),치앙마이(CNX),인천(ICN)-치앙마이(CNX),1987.0,356605.0,5357.0,179.47,577.8,520.94,527.28,False
2024,인천(ICN),치앙마이(CNX),인천(ICN)-치앙마이(CNX),3210.0,584561.0,8898.0,182.11,63.92,61.55,66.1,False
2025,인천(ICN),치앙마이(CNX),인천(ICN)-치앙마이(CNX),3034.0,546651.0,8647.0,180.18,-6.49,-5.48,-2.82,False
2021,인천(ICN),카고시마(KOJ),인천(ICN)-카고시마(KOJ),0.0,0.0,5.0,0.0,,,,False
2022,인천(ICN),카고시마(KOJ),인천(ICN)-카고시마(KOJ),0.0,0.0,0.0,0.0,,,-100.0,False
2023,인천(ICN),카고시마(KOJ),인천(ICN)-카고시마(KOJ),151.0,21235.0,370.0,140.63,inf,inf,inf,False
2024,인천(ICN),카고시마(KOJ),인천(ICN)-카고시마(KOJ),552.0,75362.0,1168.0,136.53,254.9,265.56,215.68,False
2025,인천(ICN),카고시마(KOJ),인천(ICN)-카고시마(KOJ),1004.0,146516.0,2003.0,145.93,94.42,81.88,71.49,False
2021,인천(ICN),카라간다(KGF),인천(ICN)-카라간다(KGF),36.0,0.0,1444.0,0.0,,,,False
2023,인천(ICN),카라간다(KGF),인천(ICN)-카라간다(KGF),0.0,0.0,0.0,0.0,,-100.0,-100.0,False
2024,인천(ICN),카라간다(KGF),인천(ICN)-카라간다(KGF),0.0,0.0,0.0,0.0,,,,False
2025,인천(ICN),카라간다(KGF),인천(ICN)-카라간다(KGF),0.0,0.0,0.0,0.0,,,,False
2022,인천(ICN),카라치(KHI),인천(ICN)-카라치(KHI),1.0,0.0,0.0,0.0,,,,False
2023,인천(ICN),카오슝(KHH),인천(ICN)-카오슝(KHH),1518.0,233341.0,3399.0,153.72,,,,False
2024,인천(ICN),카오슝(KHH),인천(ICN)-카오슝(KHH),1990.0,316603.0,4658.0,159.1,35.68,31.09,37.04,False
2025,인천(ICN),카오슝(KHH),인천(ICN)-카오슝(KHH),2315.0,413201.0,7272.0,178.49,30.51,16.33,56.12,False
2021,인천(ICN),카이로(CAI),인천(ICN)-카이로(CAI),1.0,90.0,8.0,90.0,,,,False
2022,인천(ICN),카이로(CAI),인천(ICN)-카이로(CAI),0.0,0.0,0.0,0.0,-100.0,-100.0,-100.0,False
2023,인천(ICN),카이로(CAI),인천(ICN)-카이로(CAI),29.0,6793.0,118.0,234.24,inf,inf,inf,False
2024,인천(ICN),카이로(CAI),인천(ICN)-카이로(CAI),37.0,8540.0,249.0,230.81,25.72,27.59,111.02,False
2025,인천(ICN),카이로(CAI),인천(ICN)-카이로(CAI),51.0,14097.0,330.0,276.41,65.07,37.84,32.53,False
2021,인천(ICN),카잔(KZN),인천(ICN)-카잔(KZN),0.0,0.0,0.0,0.0,,,,False
2021,인천(ICN),카투만두(KTM),인천(ICN)-카투만두(KTM),39.0,3959.0,349.0,101.51,,,,False
2022,인천(ICN),카투만두(KTM),인천(ICN)-카투만두(KTM),194.0,33218.0,1547.0,171.23,739.05,397.44,343.27,False
2023,인천(ICN),카투만두(KTM),인천(ICN)-카투만두(KTM),420.0,83705.0,3563.0,199.3,151.99,116.49,130.32,False
2024,인천(ICN),카투만두(KTM),인천(ICN)-카투만두(KTM),360.0,74263.0,3407.0,206.29,-11.28,-14.29,-4.38,False
2025,인천(ICN),카투만두(KTM),인천(ICN)-카투만두(KTM),228.0,48318.0,2486.0,211.92,-34.94,-36.67,-27.03,False
2022,인천(ICN),카툼(KRT),인천(ICN)-카툼(KRT),1.0,0.0,25.0,0.0,,,,False
2022,인천(ICN),칼리보(KLO),인천(ICN)-칼리보(KLO),637.0,97547.0,976.0,153.14,,,,False
2023,인천(ICN),칼리보(KLO),인천(ICN)-칼리보(KLO),2100.0,344089.0,3469.0,163.85,252.74,229.67,255.43,False
2024,인천(ICN),칼리보(KLO),인천(ICN)-칼리보(KLO),1689.0,291072.0,2954.0,172.33,-15.41,-19.57,-14.85,False
2025,인천(ICN),칼리보(KLO),인천(ICN)-칼리보(KLO),1010.0,173614.0,1811.0,171.9,-40.35,-40.2,-38.69,False
2025,인천(ICN),캐언스(CNS),인천(ICN)-캐언스(CNS),22.0,4780.0,92.0,217.27,,,,False
2021,인천(ICN),캘거리(YYC),인천(ICN)-캘거리(YYC),0.0,0.0,0.0,0.0,,,,False
2022,인천(ICN),캘거리(YYC),인천(ICN)-캘거리(YYC),19.0,0.0,191.0,0.0,,inf,inf,False
2024,인천(ICN),캘거리(YYC),인천(ICN)-캘거리(YYC),145.0,44252.0,1899.0,305.19,inf,663.16,894.24,False
2025,인천(ICN),캘거리(YYC),인천(ICN)-캘거리(YYC),322.0,98163.0,3989.0,304.85,121.83,122.07,110.06,False
2023,인천(ICN),코로르(ROR),인천(ICN)-코로르(ROR),16.0,844.0,16.0,52.75,,,,False
2024,인천(ICN),코로르(ROR),인천(ICN)-코로르(ROR),1.0,0.0,0.0,0.0,-100.0,-93.75,-100.0,False
2022,인천(ICN),코타키나발루(BKI),인천(ICN)-코타키나발루(BKI),750.0,110902.0,1217.0,147.87,,,,False
2023,인천(ICN),코타키나발루(BKI),인천(ICN)-코타키나발루(BKI),2408.0,427922.0,4598.0,177.71,285.86,221.07,277.81,False
2024,인천(ICN),코타키나발루(BKI),인천(ICN)-코타키나발루(BKI),3056.0,526812.0,5446.0,172.39,23.11,26.91,18.44,False
2025,인천(ICN),코타키나발루(BKI),인천(ICN)-코타키나발루(BKI),2769.0,419820.0,4431.0,151.61,-20.31,-9.39,-18.64,False
2021,인천(ICN),코펜하겐(CPH),인천(ICN)-코펜하겐(CPH),5.0,0.0,104.0,0.0,,,,False
2025,인천(ICN),코펜하겐(CPH),인천(ICN)-코펜하겐(CPH),106.0,26345.0,1490.0,248.54,inf,2020.0,1332.69,False
2021,인천(ICN),콜롬보(CMB),인천(ICN)-콜롬보(CMB),106.0,6131.0,1419.0,57.84,,,,False
2022,인천(ICN),콜롬보(CMB),인천(ICN)-콜롬보(CMB),128.0,23866.0,1854.0,186.45,289.27,20.75,30.66,False
2023,인천(ICN),콜롬보(CMB),인천(ICN)-콜롬보(CMB),210.0,40331.0,2805.0,192.05,68.99,64.06,51.29,False
2024,인천(ICN),콜롬보(CMB),인천(ICN)-콜롬보(CMB),215.0,39288.0,3508.0,182.73,-2.59,2.38,25.06,False
2025,인천(ICN),콜롬보(CMB),인천(ICN)-콜롬보(CMB),215.0,45665.0,3506.0,212.4,16.23,0.0,-0.06,False
2021,인천(ICN),콜카타(CCU),인천(ICN)-콜카타(CCU),70.0,0.0,387.0,0.0,,,,False
2022,인천(ICN),콜카타(CCU),인천(ICN)-콜카타(CCU),0.0,0.0,0.0,0.0,,-100.0,-100.0,False
2021,인천(ICN),쿠알라룸푸르(KUL),인천(ICN)-쿠알라룸푸르(KUL),1833.0,16053.0,40567.0,8.76,,,,False
2022,인천(ICN),쿠알라룸푸르(KUL),인천(ICN)-쿠알라룸푸르(KUL),1912.0,224822.0,38853.0,117.58,1300.5,4.31,-4.23,False
2023,인천(ICN),쿠알라룸푸르(KUL),인천(ICN)-쿠알라룸푸르(KUL),3046.0,634540.0,37119.0,208.32,182.24,59.31,-4.46,False
2024,인천(ICN),쿠알라룸푸르(KUL),인천(ICN)-쿠알라룸푸르(KUL),3395.0,763778.0,38849.0,224.97,20.37,11.46,4.66,False
2025,인천(ICN),쿠알라룸푸르(KUL),인천(ICN)-쿠알라룸푸르(KUL),3691.0,817541.0,44985.0,221.5,7.04,8.72,15.79,False
2023,인천(ICN),쿠칭(KCH),인천(ICN)-쿠칭(KCH),0.0,0.0,25.0,0.0,,,,False
2024,인천(ICN),쿠칭(KCH),인천(ICN)-쿠칭(KCH),1.0,0.0,158.0,0.0,,inf,532.0,False
2023,인천(ICN),쿤밍(KMG),인천(ICN)-쿤밍(KMG),112.0,11118.0,223.0,99.27,,,,False
2024,인천(ICN),쿤밍(KMG),인천(ICN)-쿤밍(KMG),375.0,40427.0,627.0,107.81,263.62,234.82,181.17,False
2025,인천(ICN),쿤밍(KMG),인천(ICN)-쿤밍(KMG),794.0,94781.0,1503.0,119.37,134.45,111.73,139.71,False
2023,인천(ICN),퀴백(YQB),인천(ICN)-퀴백(YQB),7.0,1485.0,27.0,212.14,,,,False
2021,인천(ICN),퀼른(CGN),인천(ICN)-퀼른(CGN),60.0,0.0,3775.0,0.0,,,,False
2022,인천(ICN),퀼른(CGN),인천(ICN)-퀼른(CGN),5.0,0.0,5846.0,0.0,,-91.67,54.86,False
2023,인천(ICN),퀼른(CGN),인천(ICN)-퀼른(CGN),2.0,0.0,3380.0,0.0,,-60.0,-42.18,False
2024,인천(ICN),퀼른(CGN),인천(ICN)-퀼른(CGN),1.0,0.0,2701.0,0.0,,-50.0,-20.09,False
2025,인천(ICN),퀼른(CGN),인천(ICN)-퀼른(CGN),0.0,0.0,308.0,0.0,,-100.0,-88.6,False
2021,인천(ICN),크라스노얄스크(KJA),인천(ICN)-크라스노얄스크(KJA),35.0,0.0,1632.0,0.0,,,,False
2022,인천(ICN),크라스노얄스크(KJA),인천(ICN)-크라스노얄스크(KJA),15.0,0.0,563.0,0.0,,-57.14,-65.5,False
2021,인천(ICN),크라이니(BXY),인천(ICN)-크라이니(BXY),1.0,0.0,42.0,0.0,,,,False
2021,인천(ICN),클라크 필드(CRK),인천(ICN)-클라크 필드(CRK),31.0,1462.0,1250.0,47.16,,,,False
2022,인천(ICN),클라크 필드(CRK),인천(ICN)-클라크 필드(CRK),1081.0,157429.0,4030.0,145.63,10668.06,3387.1,222.4,False
2023,인천(ICN),클라크 필드(CRK),인천(ICN)-클라크 필드(CRK),2586.0,384554.0,5784.0,148.71,144.27,139.22,43.52,False
2024,인천(ICN),클라크 필드(CRK),인천(ICN)-클라크 필드(CRK),2055.0,333274.0,4961.0,162.18,-13.33,-20.53,-14.23,False
2025,인천(ICN),클라크 필드(CRK),인천(ICN)-클라크 필드(CRK),2208.0,328217.0,5193.0,148.65,-1.52,7.45,4.68,False
2021,인천(ICN),키타큐슈(KKJ),인천(ICN)-키타큐슈(KKJ),322.0,0.0,17628.0,0.0,,,,False
2022,인천(ICN),키타큐슈(KKJ),인천(ICN)-키타큐슈(KKJ),376.0,0.0,15060.0,0.0,,16.77,-14.57,False
2023,인천(ICN),키타큐슈(KKJ),인천(ICN)-키타큐슈(KKJ),730.0,65894.0,8751.0,90.27,inf,94.15,-41.89,False
2024,인천(ICN),키타큐슈(KKJ),인천(ICN)-키타큐슈(KKJ),874.0,117593.0,7072.0,134.55,78.46,19.73,-19.19,False
2025,인천(ICN),키타큐슈(KKJ),인천(ICN)-키타큐슈(KKJ),817.0,111778.0,6972.0,136.82,-4.95,-6.52,-1.41,False
2023,인천(ICN),킨샤사-은질리(FIH),인천(ICN)-킨샤사-은질리(FIH),6.0,0.0,566.0,0.0,,,,False
2024,인천(ICN),킬린포트후드(GRK),인천(ICN)-킬린포트후드(GRK),1.0,251.0,14.0,251.0,,,,False
2021,인천(ICN),타쉬켄트(TAS),인천(ICN)-타쉬켄트(TAS),658.0,46368.0,8450.0,70.47,,,,False
2022,인천(ICN),타쉬켄트(TAS),인천(ICN)-타쉬켄트(TAS),1136.0,156679.0,15380.0,137.92,237.9,72.64,82.01,False
2023,인천(ICN),타쉬켄트(TAS),인천(ICN)-타쉬켄트(TAS),1483.0,279921.0,14453.0,188.75,78.66,30.55,-6.03,False
2024,인천(ICN),타쉬켄트(TAS),인천(ICN)-타쉬켄트(TAS),1321.0,277872.0,12479.0,210.35,-0.73,-10.92,-13.66,False
2025,인천(ICN),타쉬켄트(TAS),인천(ICN)-타쉬켄트(TAS),1608.0,316845.0,12258.0,197.04,14.03,21.73,-1.77,False
2022,인천(ICN),타이유안(TYN),인천(ICN)-타이유안(TYN),1.0,36.0,1.0,36.0,,,,False
2024,인천(ICN),타이유안(TYN),인천(ICN)-타이유안(TYN),38.0,3558.0,36.0,93.63,9783.33,3700.0,3500.0,False
2025,인천(ICN),타이유안(TYN),인천(ICN)-타이유안(TYN),44.0,4609.0,50.0,104.75,29.54,15.79,38.89,False
2021,인천(ICN),타이페이(TPE),인천(ICN)-타이페이(TPE),4194.0,24353.0,68391.0,5.81,,,,False
2022,인천(ICN),타이페이(TPE),인천(ICN)-타이페이(TPE),5723.0,247473.0,78983.0,43.24,916.19,36.46,15.49,False
2023,인천(ICN),타이페이(TPE),인천(ICN)-타이페이(TPE),8191.0,2000049.0,77420.0,244.18,708.19,43.12,-1.98,False
2024,인천(ICN),타이페이(TPE),인천(ICN)-타이페이(TPE),8620.0,2308304.0,78795.0,267.78,15.41,5.24,1.78,False
2025,인천(ICN),타이페이(TPE),인천(ICN)-타이페이(TPE),8754.0,2445848.0,94468.0,279.4,5.96,1.55,19.89,False
2022,인천(ICN),타크빌라란(TAG),인천(ICN)-타크빌라란(TAG),362.0,53707.0,614.0,148.36,,,,False
2023,인천(ICN),타크빌라란(TAG),인천(ICN)-타크빌라란(TAG),1906.0,319150.0,3330.0,167.44,494.24,426.52,442.35,False
2024,인천(ICN),타크빌라란(TAG),인천(ICN)-타크빌라란(TAG),3146.0,538902.0,5498.0,171.3,68.86,65.06,65.11,False
2025,인천(ICN),타크빌라란(TAG),인천(ICN)-타크빌라란(TAG),2727.0,432572.0,4468.0,158.63,-19.73,-13.32,-18.73,False
2025,인천(ICN),테초 국제공항(KTI),인천(ICN)-테초 국제공항(KTI),547.0,90139.0,3566.0,164.79,,,,False
2021,인천(ICN),테헤란(IKA),인천(ICN)-테헤란(IKA),1.0,52.0,2.0,52.0,,,,False
2023,인천(ICN),텐푸(TFU),인천(ICN)-텐푸(TFU),955.0,99944.0,2014.0,104.65,,,,False
2024,인천(ICN),텐푸(TFU),인천(ICN)-텐푸(TFU),1232.0,165027.0,2564.0,133.95,65.12,29.01,27.31,False
2025,인천(ICN),텐푸(TFU),인천(ICN)-텐푸(TFU),1406.0,199367.0,2995.0,141.8,20.81,14.12,16.81,False
2021,인천(ICN),텔아비브(TLV),인천(ICN)-텔아비브(TLV),11.0,0.0,406.0,0.0,,,,False
2022,인천(ICN),텔아비브(TLV),인천(ICN)-텔아비브(TLV),10.0,711.0,74.0,71.1,inf,-9.09,-81.77,False
2023,인천(ICN),텔아비브(TLV),인천(ICN)-텔아비브(TLV),240.0,40759.0,1751.0,169.83,5632.63,2300.0,2266.22,False
2024,인천(ICN),텔아비브(TLV),인천(ICN)-텔아비브(TLV),1.0,0.0,0.0,0.0,-100.0,-99.58,-100.0,False
2021,인천(ICN),토론토(YYZ),인천(ICN)-토론토(YYZ),1179.0,54730.0,20728.0,46.42,,,,False
2022,인천(ICN),토론토(YYZ),인천(ICN)-토론토(YYZ),1454.0,205853.0,24480.0,141.58,276.12,23.32,18.1,False
2023,인천(ICN),토론토(YYZ),인천(ICN)-토론토(YYZ),1416.0,344181.0,30217.0,243.07,67.2,-2.61,23.44,False
2024,인천(ICN),토론토(YYZ),인천(ICN)-토론토(YYZ),1669.0,389294.0,34930.0,233.25,13.11,17.87,15.6,False
2025,인천(ICN),토론토(YYZ),인천(ICN)-토론토(YYZ),1668.0,368545.0,36274.0,220.95,-5.33,-0.06,3.85,False
2024,인천(ICN),토쿠멘(PTY),인천(ICN)-토쿠멘(PTY),1.0,0.0,7.0,0.0,,,,False
2022,인천(ICN),투르크 메나 바트(CRZ),인천(ICN)-투르크 메나 바트(CRZ),0.0,0.0,0.0,0.0,,,,False
2025,인천(ICN),투르크 메나 바트(CRZ),인천(ICN)-투르크 메나 바트(CRZ),0.0,0.0,0.0,0.0,,,,False
2024,인천(ICN),퉁치(TXN),인천(ICN)-퉁치(TXN),26.0,3224.0,35.0,124.0,,,,False
2025,인천(ICN),퉁치(TXN),인천(ICN)-퉁치(TXN),66.0,9366.0,99.0,141.91,190.51,153.85,182.86,False
2021,인천(ICN),트라비스(SUU),인천(ICN)-트라비스(SUU),10.0,0.0,0.0,0.0,,,,False
2024,인천(ICN),트라비스(SUU),인천(ICN)-트라비스(SUU),1.0,0.0,0.0,0.0,,-90.0,,False
2021,인천(ICN),트루크멘바시(KRW),인천(ICN)-트루크멘바시(KRW),0.0,0.0,0.0,0.0,,,,False
2022,인천(ICN),트루크멘바시(KRW),인천(ICN)-트루크멘바시(KRW),0.0,0.0,0.0,0.0,,,,False
2023,인천(ICN),트루크멘바시(KRW),인천(ICN)-트루크멘바시(KRW),0.0,0.0,0.0,0.0,,,,False
2023,인천(ICN),트빌리시(TBS),인천(ICN)-트빌리시(TBS),1.0,0.0,0.0,0.0,,,,False
2024,인천(ICN),트빌리시(TBS),인천(ICN)-트빌리시(TBS),5.0,1077.0,26.0,215.4,inf,400.0,inf,False
2025,인천(ICN),트빌리시(TBS),인천(ICN)-트빌리시(TBS),8.0,2233.0,38.0,279.12,107.34,60.0,46.15,False
2022,인천(ICN),티우멘(TJM),인천(ICN)-티우멘(TJM),1.0,0.0,0.0,0.0,,,,False
2021,인천(ICN),파리 르부아르(LBG),인천(ICN)-파리 르부아르(LBG),2.0,4.0,0.0,2.0,,,,False
2021,인천(ICN),파리 샤를드골(CDG),인천(ICN)-파리 샤를드골(CDG),653.0,53540.0,18639.0,81.99,,,,False
2022,인천(ICN),파리 샤를드골(CDG),인천(ICN)-파리 샤를드골(CDG),1264.0,317602.0,26672.0,251.27,493.21,93.57,43.1,False
2023,인천(ICN),파리 샤를드골(CDG),인천(ICN)-파리 샤를드골(CDG),2040.0,597438.0,36524.0,292.86,88.11,61.39,36.94,False
2024,인천(ICN),파리 샤를드골(CDG),인천(ICN)-파리 샤를드골(CDG),2194.0,619186.0,39034.0,282.22,3.64,7.55,6.87,False
2025,인천(ICN),파리 샤를드골(CDG),인천(ICN)-파리 샤를드골(CDG),2382.0,599172.0,43288.0,251.54,-3.23,8.57,10.9,False
2024,인천(ICN),팍세(PKZ),인천(ICN)-팍세(PKZ),6.0,441.0,5.0,73.5,,,,False
2022,인천(ICN),퍼스(PER),인천(ICN)-퍼스(PER),4.0,0.0,180.0,0.0,,,,False
2021,인천(ICN),페낭(PEN),인천(ICN)-페낭(PEN),1058.0,0.0,35083.0,0.0,,,,False
2022,인천(ICN),페낭(PEN),인천(ICN)-페낭(PEN),727.0,0.0,28912.0,0.0,,-31.29,-17.59,False
2023,인천(ICN),페낭(PEN),인천(ICN)-페낭(PEN),412.0,0.0,19522.0,0.0,,-43.33,-32.48,False
2024,인천(ICN),페낭(PEN),인천(ICN)-페낭(PEN),254.0,0.0,16486.0,0.0,,-38.35,-15.55,False
2025,인천(ICN),페낭(PEN),인천(ICN)-페낭(PEN),410.0,0.0,23469.0,0.0,,61.42,42.36,False
2021,인천(ICN),페르가나(FEG),인천(ICN)-페르가나(FEG),2.0,0.0,100.0,0.0,,,,False
2021,인천(ICN),페어뱅크스(FAI),인천(ICN)-페어뱅크스(FAI),0.0,0.0,35.0,0.0,,,,False
2022,인천(ICN),페어뱅크스(FAI),인천(ICN)-페어뱅크스(FAI),0.0,0.0,0.0,0.0,,,-100.0,False
2021,인천(ICN),페트로파블로브스키(PKC),인천(ICN)-페트로파블로브스키(PKC),1.0,0.0,0.0,0.0,,,,False
2024,인천(ICN),포틀랜드(PDX),인천(ICN)-포틀랜드(PDX),0.0,0.0,3.0,0.0,,,,False
2025,인천(ICN),포틀랜드(PDX),인천(ICN)-포틀랜드(PDX),1.0,0.0,14.0,0.0,,inf,366.67,False
2021,인천(ICN),푸동(PVG),인천(ICN)-푸동(PVG),6387.0,37787.0,250044.0,5.92,,,,False
2022,인천(ICN),푸동(PVG),인천(ICN)-푸동(PVG),4807.0,42401.0,196600.0,8.82,12.21,-24.74,-21.37,False
2023,인천(ICN),푸동(PVG),인천(ICN)-푸동(PVG),7700.0,822437.0,211436.0,106.81,1839.66,60.18,7.55,False
2024,인천(ICN),푸동(PVG),인천(ICN)-푸동(PVG),12210.0,1713809.0,228907.0,140.36,108.38,58.57,8.26,False
2025,인천(ICN),푸동(PVG),인천(ICN)-푸동(PVG),13568.0,2132520.0,225097.0,157.17,24.43,11.12,-1.66,False
2021,인천(ICN),푸조우(FOC),인천(ICN)-푸조우(FOC),0.0,0.0,0.0,0.0,,,,False
2022,인천(ICN),푸조우(FOC),인천(ICN)-푸조우(FOC),3.0,0.0,0.0,0.0,,inf,,False
2024,인천(ICN),푸조우(FOC),인천(ICN)-푸조우(FOC),600.0,48204.0,635.0,80.34,inf,19900.0,inf,False
2025,인천(ICN),푸조우(FOC),인천(ICN)-푸조우(FOC),1008.0,120022.0,1922.0,119.07,148.99,68.0,202.68,False
2022,인천(ICN),푸켓(HKT),인천(ICN)-푸켓(HKT),388.0,64705.0,874.0,166.77,,,,False
2023,인천(ICN),푸켓(HKT),인천(ICN)-푸켓(HKT),1264.0,250454.0,3956.0,198.14,287.07,225.77,352.63,False
2024,인천(ICN),푸켓(HKT),인천(ICN)-푸켓(HKT),1288.0,268100.0,4768.0,208.15,7.05,1.9,20.53,False
2025,인천(ICN),푸켓(HKT),인천(ICN)-푸켓(HKT),1753.0,376454.0,6739.0,214.75,40.42,36.1,41.34,False
2021,인천(ICN),푸쿡(PQC),인천(ICN)-푸쿡(PQC),2.0,402.0,6.0,201.0,,,,False
2022,인천(ICN),푸쿡(PQC),인천(ICN)-푸쿡(PQC),581.0,98821.0,1000.0,170.09,24482.34,28950.0,16566.67,False
2023,인천(ICN),푸쿡(PQC),인천(ICN)-푸쿡(PQC),1696.0,353567.0,4040.0,208.47,257.79,191.91,304.0,False
2024,인천(ICN),푸쿡(PQC),인천(ICN)-푸쿡(PQC),4303.0,825477.0,9172.0,191.84,133.47,153.71,127.03,False
2025,인천(ICN),푸쿡(PQC),인천(ICN)-푸쿡(PQC),4994.0,930735.0,10239.0,186.37,12.75,16.06,11.63,False
2021,인천(ICN),풀코보(LED),인천(ICN)-풀코보(LED),1.0,0.0,9.0,0.0,,,,False
2021,인천(ICN),프라하(PRG),인천(ICN)-프라하(PRG),6.0,485.0,69.0,80.83,,,,False
2022,인천(ICN),프라하(PRG),인천(ICN)-프라하(PRG),6.0,561.0,77.0,93.5,15.67,0.0,11.59,False
2023,인천(ICN),프라하(PRG),인천(ICN)-프라하(PRG),286.0,75365.0,3769.0,263.51,13334.05,4666.67,4794.81,False
2024,인천(ICN),프라하(PRG),인천(ICN)-프라하(PRG),375.0,92404.0,5121.0,246.41,22.61,31.12,35.87,False
2025,인천(ICN),프라하(PRG),인천(ICN)-프라하(PRG),609.0,163795.0,7336.0,268.96,77.26,62.4,43.25,False
2021,인천(ICN),프랑크푸르트(FRA),인천(ICN)-프랑크푸르트(FRA),4064.0,80064.0,141447.0,19.7,,,,False
2022,인천(ICN),프랑크푸르트(FRA),인천(ICN)-프랑크푸르트(FRA),4498.0,303353.0,142051.0,67.44,278.89,10.68,0.43,False
2023,인천(ICN),프랑크푸르트(FRA),인천(ICN)-프랑크푸르트(FRA),4162.0,574159.0,121345.0,137.95,89.27,-7.47,-14.58,False
2024,인천(ICN),프랑크푸르트(FRA),인천(ICN)-프랑크푸르트(FRA),3801.0,542553.0,113647.0,142.74,-5.5,-8.67,-6.34,False
2025,인천(ICN),프랑크푸르트(FRA),인천(ICN)-프랑크푸르트(FRA),3502.0,547178.0,101057.0,156.25,0.85,-7.87,-11.08,False
2021,인천(ICN),프레스트윅(PIK),인천(ICN)-프레스트윅(PIK),1.0,0.0,38.0,0.0,,,,False
2022,인천(ICN),프레스트윅(PIK),인천(ICN)-프레스트윅(PIK),1.0,0.0,26.0,0.0,,0.0,-31.58,False
2024,인천(ICN),프레스트윅(PIK),인천(ICN)-프레스트윅(PIK),0.0,0.0,1.0,0.0,,-100.0,-96.15,False
2021,인천(ICN),프롬펜(PNH),인천(ICN)-프롬펜(PNH),864.0,58601.0,4114.0,67.83,,,,False
2022,인천(ICN),프롬펜(PNH),인천(ICN)-프롬펜(PNH),1356.0,208457.0,7835.0,153.73,255.72,56.94,90.45,False
2023,인천(ICN),프롬펜(PNH),인천(ICN)-프롬펜(PNH),1873.0,316507.0,8559.0,168.98,51.83,38.13,9.24,False
2024,인천(ICN),프롬펜(PNH),인천(ICN)-프롬펜(PNH),1939.0,351915.0,12318.0,181.49,11.19,3.52,43.92,False
2025,인천(ICN),프롬펜(PNH),인천(ICN)-프롬펜(PNH),1324.0,235767.0,8108.0,178.07,-33.0,-31.72,-34.18,False
2025,인천(ICN),피닉스 메사 게이트웨이(AZA),인천(ICN)-피닉스 메사 게이트웨이(AZA),0.0,0.0,0.0,0.0,,,,False
2024,인천(ICN),피닉스(PHX),인천(ICN)-피닉스(PHX),0.0,310.0,21.0,0.0,,,,False
2025,인천(ICN),필라델피아(PHL),인천(ICN)-필라델피아(PHL),143.0,0.0,12.0,0.0,,,,False
2025,인천(ICN),하꼬다데(HKD),인천(ICN)-하꼬다데(HKD),226.0,34620.0,388.0,153.19,,,,False
2021,인천(ICN),하노이(HAN),인천(ICN)-하노이(HAN),5533.0,64735.0,183859.0,11.7,,,,False
2022,인천(ICN),하노이(HAN),인천(ICN)-하노이(HAN),7077.0,668811.0,172038.0,94.5,933.15,27.91,-6.43,False
2023,인천(ICN),하노이(HAN),인천(ICN)-하노이(HAN),9677.0,1354774.0,161895.0,140.0,102.56,36.74,-5.9,False
2024,인천(ICN),하노이(HAN),인천(ICN)-하노이(HAN),10052.0,1501182.0,183783.0,149.34,10.81,3.88,13.52,False
2025,인천(ICN),하노이(HAN),인천(ICN)-하노이(HAN),9308.0,1500796.0,184495.0,161.24,-0.03,-7.4,0.39,False
2021,인천(ICN),하바로보스크(KHV),인천(ICN)-하바로보스크(KHV),59.0,2606.0,46.0,44.17,,,,False
2021,인천(ICN),하얼빈(HRB),인천(ICN)-하얼빈(HRB),208.0,31186.0,757.0,149.93,,,,False
2022,인천(ICN),하얼빈(HRB),인천(ICN)-하얼빈(HRB),140.0,21018.0,476.0,150.13,-32.6,-32.69,-37.12,False
2023,인천(ICN),하얼빈(HRB),인천(ICN)-하얼빈(HRB),1044.0,111841.0,1904.0,107.13,432.12,645.71,300.0,False
2024,인천(ICN),하얼빈(HRB),인천(ICN)-하얼빈(HRB),1408.0,163223.0,2564.0,115.93,45.94,34.87,34.66,False
2025,인천(ICN),하얼빈(HRB),인천(ICN)-하얼빈(HRB),1760.0,227804.0,3389.0,129.43,39.57,25.0,32.18,False
2021,인천(ICN),하이커우(HAK),인천(ICN)-하이커우(HAK),26.0,0.0,31.0,0.0,,,,False
2023,인천(ICN),하이커우(HAK),인천(ICN)-하이커우(HAK),379.0,10798.0,276.0,28.49,inf,1357.69,790.32,False
2024,인천(ICN),하이커우(HAK),인천(ICN)-하이커우(HAK),854.0,31202.0,1048.0,36.54,188.96,125.33,279.71,False
2025,인천(ICN),하이커우(HAK),인천(ICN)-하이커우(HAK),410.0,50969.0,923.0,124.31,63.35,-51.99,-11.93,False
2021,인천(ICN),하이퐁(HPH),인천(ICN)-하이퐁(HPH),41.0,4754.0,129.0,115.95,,,,False
2022,인천(ICN),하이퐁(HPH),인천(ICN)-하이퐁(HPH),305.0,50866.0,1103.0,166.77,969.96,643.9,755.04,False
2023,인천(ICN),하이퐁(HPH),인천(ICN)-하이퐁(HPH),707.0,118616.0,2561.0,167.77,133.19,131.8,132.18,False
2024,인천(ICN),하이퐁(HPH),인천(ICN)-하이퐁(HPH),684.0,127874.0,2943.0,186.95,7.81,-3.25,14.92,False
2025,인천(ICN),하이퐁(HPH),인천(ICN)-하이퐁(HPH),642.0,121458.0,2732.0,189.19,-5.02,-6.14,-7.17,False
2021,인천(ICN),한(HHN),인천(ICN)-한(HHN),2.0,0.0,28.0,0.0,,,,False
2023,인천(ICN),한(HHN),인천(ICN)-한(HHN),0.0,0.0,0.0,0.0,,-100.0,-100.0,False
2024,인천(ICN),한(HHN),인천(ICN)-한(HHN),0.0,0.0,6.0,0.0,,,inf,False
2025,인천(ICN),한(HHN),인천(ICN)-한(HHN),0.0,0.0,0.0,0.0,,,-100.0,False
2021,인천(ICN),항조우(HGH),인천(ICN)-항조우(HGH),339.0,8112.0,2007.0,23.93,,,,False
2022,인천(ICN),항조우(HGH),인천(ICN)-항조우(HGH),232.0,19726.0,1401.0,85.03,143.17,-31.56,-30.19,False
2023,인천(ICN),항조우(HGH),인천(ICN)-항조우(HGH),1310.0,157849.0,3245.0,120.5,700.21,464.66,131.62,False
2024,인천(ICN),항조우(HGH),인천(ICN)-항조우(HGH),2461.0,365185.0,6222.0,148.39,131.35,87.86,91.74,False
2025,인천(ICN),항조우(HGH),인천(ICN)-항조우(HGH),2454.0,434890.0,8365.0,177.22,19.09,-0.28,34.44,False
2021,인천(ICN),허폐(HFE),인천(ICN)-허폐(HFE),2.0,0.0,4.0,0.0,,,,False
2022,인천(ICN),허폐(HFE),인천(ICN)-허폐(HFE),222.0,0.0,1650.0,0.0,,11000.0,41150.0,False
2023,인천(ICN),허폐(HFE),인천(ICN)-허폐(HFE),186.0,0.0,1446.0,0.0,,-16.22,-12.36,False
2024,인천(ICN),허폐(HFE),인천(ICN)-허폐(HFE),154.0,14667.0,174.0,95.24,inf,-17.2,-87.97,False
2025,인천(ICN),허폐(HFE),인천(ICN)-허폐(HFE),406.0,54154.0,633.0,133.38,269.22,163.64,263.79,False
2021,인천(ICN),헌츠빌(HSV),인천(ICN)-헌츠빌(HSV),0.0,0.0,271.0,0.0,,,,False
2022,인천(ICN),헌츠빌(HSV),인천(ICN)-헌츠빌(HSV),0.0,0.0,0.0,0.0,,,-100.0,False
2023,인천(ICN),헌츠빌(HSV),인천(ICN)-헌츠빌(HSV),10.0,0.0,1347.0,0.0,,inf,inf,False
2024,인천(ICN),헌츠빌(HSV),인천(ICN)-헌츠빌(HSV),0.0,0.0,0.0,0.0,,-100.0,-100.0,False
2025,인천(ICN),헌츠빌(HSV),인천(ICN)-헌츠빌(HSV),0.0,0.0,0.0,0.0,,,,False
2021,인천(ICN),헤이다르 알리예프(GYD),인천(ICN)-헤이다르 알리예프(GYD),376.0,0.0,25031.0,0.0,,,,False
2022,인천(ICN),헤이다르 알리예프(GYD),인천(ICN)-헤이다르 알리예프(GYD),340.0,0.0,22434.0,0.0,,-9.57,-10.38,False
2023,인천(ICN),헤이다르 알리예프(GYD),인천(ICN)-헤이다르 알리예프(GYD),276.0,0.0,19447.0,0.0,,-18.82,-13.31,False
2024,인천(ICN),헤이다르 알리예프(GYD),인천(ICN)-헤이다르 알리예프(GYD),252.0,0.0,20507.0,0.0,,-8.7,5.45,False
2025,인천(ICN),헤이다르 알리예프(GYD),인천(ICN)-헤이다르 알리예프(GYD),216.0,0.0,20363.0,0.0,,-14.29,-0.7,False
2021,인천(ICN),헬리팍스(YHZ),인천(ICN)-헬리팍스(YHZ),12.0,0.0,6850.0,0.0,,,,False
2022,인천(ICN),헬리팍스(YHZ),인천(ICN)-헬리팍스(YHZ),2.0,0.0,6740.0,0.0,,-83.33,-1.61,False
2023,인천(ICN),헬리팍스(YHZ),인천(ICN)-헬리팍스(YHZ),40.0,0.0,8860.0,0.0,,1900.0,31.45,False
2024,인천(ICN),헬리팍스(YHZ),인천(ICN)-헬리팍스(YHZ),26.0,0.0,7414.0,0.0,,-35.0,-16.32,False
2025,인천(ICN),헬리팍스(YHZ),인천(ICN)-헬리팍스(YHZ),0.0,0.0,5994.0,0.0,,-100.0,-19.15,False
2021,인천(ICN),헬싱키(HEL),인천(ICN)-헬싱키(HEL),585.0,22861.0,14817.0,39.08,,,,False
2022,인천(ICN),헬싱키(HEL),인천(ICN)-헬싱키(HEL),438.0,78367.0,9912.0,178.92,242.8,-25.13,-33.1,False
2023,인천(ICN),헬싱키(HEL),인천(ICN)-헬싱키(HEL),716.0,192020.0,15180.0,268.18,145.03,63.47,53.15,False
2024,인천(ICN),헬싱키(HEL),인천(ICN)-헬싱키(HEL),708.0,185247.0,15427.0,261.65,-3.53,-1.12,1.63,False
2025,인천(ICN),헬싱키(HEL),인천(ICN)-헬싱키(HEL),702.0,174669.0,15028.0,248.82,-5.71,-0.85,-2.59,False
2021,인천(ICN),호놀룰루(HNL),인천(ICN)-호놀룰루(HNL),427.0,25989.0,5029.0,60.86,,,,False
2022,인천(ICN),호놀룰루(HNL),인천(ICN)-호놀룰루(HNL),1514.0,289095.0,14495.0,190.95,1012.37,254.57,188.23,False
2023,인천(ICN),호놀룰루(HNL),인천(ICN)-호놀룰루(HNL),1818.0,468245.0,21103.0,257.56,61.97,20.08,45.59,False
2024,인천(ICN),호놀룰루(HNL),인천(ICN)-호놀룰루(HNL),1855.0,468489.0,22225.0,252.55,0.05,2.04,5.32,False
2025,인천(ICN),호놀룰루(HNL),인천(ICN)-호놀룰루(HNL),2089.0,520514.0,21773.0,249.17,11.1,12.61,-2.03,False
2022,인천(ICN),호스토멜(GML),인천(ICN)-호스토멜(GML),2.0,0.0,0.0,0.0,,,,False
2021,인천(ICN),호치민(SGN),인천(ICN)-호치민(SGN),3056.0,39259.0,57994.0,12.85,,,,False
2022,인천(ICN),호치민(SGN),인천(ICN)-호치민(SGN),5525.0,863023.0,76486.0,156.2,2098.28,80.79,31.89,False
2023,인천(ICN),호치민(SGN),인천(ICN)-호치민(SGN),8906.0,1657224.0,78699.0,186.08,92.03,61.19,2.89,False
2024,인천(ICN),호치민(SGN),인천(ICN)-호치민(SGN),8404.0,1682239.0,75470.0,200.17,1.51,-5.64,-4.1,False
2025,인천(ICN),호치민(SGN),인천(ICN)-호치민(SGN),7281.0,1463651.0,67112.0,201.02,-12.99,-13.36,-11.07,False
2023,인천(ICN),홍차오(SHA),인천(ICN)-홍차오(SHA),4.0,625.0,7.0,156.25,,,,False
2024,인천(ICN),홍차오(SHA),인천(ICN)-홍차오(SHA),4.0,533.0,7.0,133.25,-14.72,0.0,0.0,False
2025,인천(ICN),홍차오(SHA),인천(ICN)-홍차오(SHA),2.0,444.0,5.0,222.0,-16.7,-50.0,-28.57,False
2021,인천(ICN),홍콩(HKG),인천(ICN)-홍콩(HKG),7342.0,27703.0,255864.0,3.77,,,,False
2022,인천(ICN),홍콩(HKG),인천(ICN)-홍콩(HKG),6010.0,243010.0,228491.0,40.43,777.2,-18.14,-10.7,False
2023,인천(ICN),홍콩(HKG),인천(ICN)-홍콩(HKG),11787.0,1741517.0,239122.0,147.75,616.64,96.12,4.65,False
2024,인천(ICN),홍콩(HKG),인천(ICN)-홍콩(HKG),16927.0,2674456.0,278371.0,158.0,53.57,43.61,16.41,False
2025,인천(ICN),홍콩(HKG),인천(ICN)-홍콩(HKG),15829.0,2783446.0,272916.0,175.84,4.08,-6.49,-1.96,False
2025,인천(ICN),화리엔(HUN),인천(ICN)-화리엔(HUN),28.0,4127.0,48.0,147.39,,,,False
2023,인천(ICN),후에(HUI),인천(ICN)-후에(HUI),4.0,712.0,8.0,178.0,,,,False
2024,인천(ICN),후에(HUI),인천(ICN)-후에(HUI),4.0,792.0,10.0,198.0,11.24,0.0,25.0,False
2022,인천(ICN),후잔드(LBD),인천(ICN)-후잔드(LBD),0.0,0.0,95.0,0.0,,,,False
2023,인천(ICN),후잔드(LBD),인천(ICN)-후잔드(LBD),3.0,0.0,300.0,0.0,,inf,215.79,False
2024,인천(ICN),후잔드(LBD),인천(ICN)-후잔드(LBD),6.0,0.0,596.0,0.0,,100.0,98.67,False
2025,인천(ICN),후잔드(LBD),인천(ICN)-후잔드(LBD),3.0,0.0,376.0,0.0,,-50.0,-36.91,False
2021,인천(ICN),후쿠오카(FUK),인천(ICN)-후쿠오카(FUK),146.0,8211.0,203.0,56.24,,,,True
2022,인천(ICN),후쿠오카(FUK),인천(ICN)-후쿠오카(FUK),2753.0,425680.0,4523.0,154.62,5084.27,1785.62,2128.08,True
2023,인천(ICN),후쿠오카(FUK),인천(ICN)-후쿠오카(FUK),15720.0,2811886.0,28255.0,178.87,560.56,471.01,524.7,True
2024,인천(ICN),후쿠오카(FUK),인천(ICN)-후쿠오카(FUK),17198.0,3357275.0,37965.0,195.21,19.4,9.4,34.37,True
2025,인천(ICN),후쿠오카(FUK),인천(ICN)-후쿠오카(FUK),17018.0,3445289.0,40669.0,202.45,2.62,-1.05,7.12,True
2024,인천(ICN),후허하오터(HET),인천(ICN)-후허하오터(HET),28.0,4563.0,50.0,162.96,,,,False
2025,인천(ICN),후허하오터(HET),인천(ICN)-후허하오터(HET),24.0,4141.0,50.0,172.54,-9.25,-14.29,0.0,False
2023,인천(ICN),휴스턴(IAH),인천(ICN)-휴스턴(IAH),2.0,0.0,0.0,0.0,,,,False
2024,인천(ICN),휴스턴(IAH),인천(ICN)-휴스턴(IAH),4.0,0.0,0.0,0.0,,100.0,,False
2025,인천(ICN),휴스턴(IAH),인천(ICN)-휴스턴(IAH),0.0,0.0,466.0,0.0,,-100.0,inf,False
2023,인천(ICN),히로시마(HIJ),인천(ICN)-히로시마(HIJ),222.0,33690.0,299.0,151.76,,,,True
2024,인천(ICN),히로시마(HIJ),인천(ICN)-히로시마(HIJ),1354.0,206151.0,1815.0,152.25,511.91,509.91,507.02,True
2025,인천(ICN),히로시마(HIJ),인천(ICN)-히로시마(HIJ),1256.0,186798.0,1736.0,148.72,-9.39,-7.24,-4.35,True
2022,인천(ICN),히캄(HIK),인천(ICN)-히캄(HIK),1.0,0.0,0.0,0.0,,,,False
