year,route,origin,destination,flight_count,passenger_count,cargo_ton,passengers_per_flight,passenger_growth_rate,flight_growth_rate,cargo_growth_rate,avg_carrier_count,avg_lcc_share,avg_icn_total_flight_count,avg_icn_total_paid_passenger_count,avg_icn_passengers_per_flight,japan_country_passenger_count,japan_country_flight_count,japan_country_passenger_growth_rate,japan_country_flight_growth_rate,jpy_krw_rate,jpy_krw_change_rate_7d,jpy_krw_change_rate_30d,jpy_krw_change_rate_90d,holiday_count,holiday_names,demand_pressure_score,supply_pressure_score,exchange_pressure_score,competition_pressure_score,holiday_pressure_score,risk_score,risk_level,purchase_timing_recommendation,is_japan_route,japan_country_cargo_ton,japan_country_cargo_growth_rate,japan_country_passengers_per_flight
2021,인천(ICN)-간사이(KIX),인천(ICN),간사이(KIX),1922.0,39039.0,79390.0,20.31,0.0,0.0,0.0,0.0,0.0,0.0,0.0,0.0,0.0,0.0,0.0,0.0,1030.24,-1.38,-0.3,-3.71,0.0,,2,4,1,5,1,13,중간,가격 모니터링 후 구매,True,0.0,0.0,0.0
2022,인천(ICN)-간사이(KIX),인천(ICN),간사이(KIX),5659.0,667741.0,76592.0,118.0,1610.45,194.43,-3.52,4.16,0.7993,0.0,32704.59,0.0,3009252.0,24200.0,0.0,0.0,953.18,-3.11,-0.12,-1.61,0.0,,5,1,1,3,1,11,낮음,대기 가능,True,319524.0,0.0,124.35
2023,인천(ICN)-간사이(KIX),인천(ICN),간사이(KIX),19949.0,3802521.0,92331.0,190.61,469.46,252.52,20.55,3.28,1.1634,0.0,67158.6,0.0,19382535.0,108303.0,544.1,347.53,912.87,0.81,-2.26,-3.59,0.0,,5,1,1,4,1,12,중간,가격 모니터링 후 구매,True,432139.0,35.24,178.97
2024,인천(ICN)-간사이(KIX),인천(ICN),간사이(KIX),22866.0,4452000.0,104160.0,194.7,17.08,14.62,12.81,3.02,0.92,0.0,65444.23,0.0,25143112.0,136506.0,29.72,26.04,0.0,0.0,0.0,0.0,0.0,,3,3,2,4,1,13,중간,가격 모니터링 후 구매,True,510846.0,18.21,184.19
2025,인천(ICN)-간사이(KIX),인천(ICN),간사이(KIX),24848.0,4464603.0,110198.0,179.68,0.28,8.67,5.8,0.0,0.0,0.0,0.0,0.0,27317917.0,151827.0,8.65,11.22,0.0,0.0,0.0,0.0,0.0,,2,3,2,5,1,13,중간,가격 모니터링 후 구매,True,555558.0,8.75,179.93
2025,인천(ICN)-고베(UKB),인천(ICN),고베(UKB),1031.0,156537.0,1702.0,151.83,0.0,0.0,0.0,0.0,0.0,0.0,0.0,0.0,27317917.0,151827.0,8.65,11.22,0.0,0.0,0.0,0.0,0.0,,2,4,2,5,1,14,중간,가격 모니터링 후 구매,True,555558.0,8.75,179.93
2023,인천(ICN)-구마모도(KMJ),인천(ICN),구마모도(KMJ),666.0,93570.0,1400.0,140.5,0.0,0.0,0.0,3.28,1.1634,0.0,67158.6,0.0,19382535.0,108303.0,544.1,347.53,912.87,0.81,-2.26,-3.59,0.0,,2,4,1,4,1,12,중간,가격 모니터링 후 구매,True,432139.0,35.24,178.97
2024,인천(ICN)-구마모도(KMJ),인천(ICN),구마모도(KMJ),854.0,126667.0,1857.0,148.32,35.37,28.23,32.64,3.02,0.92,0.0,65444.23,0.0,25143112.0,136506.0,29.72,26.04,0.0,0.0,0.0,0.0,0.0,,4,2,2,4,1,13,중간,가격 모니터링 후 구매,True,510846.0,18.21,184.19
2025,인천(ICN)-구마모도(KMJ),인천(ICN),구마모도(KMJ),1496.0,210841.0,2896.0,140.94,66.45,75.18,55.95,0.0,0.0,0.0,0.0,0.0,27317917.0,151827.0,8.65,11.22,0.0,0.0,0.0,0.0,0.0,,5,1,2,5,1,14,중간,가격 모니터링 후 구매,True,555558.0,8.75,179.93
2021,인천(ICN)-나고야(NGO),인천(ICN),나고야(NGO),582.0,6600.0,34615.0,11.34,0.0,0.0,0.0,0.0,0.0,0.0,0.0,0.0,0.0,0.0,0.0,0.0,1030.24,-1.38,-0.3,-3.71,0.0,,2,4,1,5,1,13,중간,가격 모니터링 후 구매,True,0.0,0.0,0.0
2022,인천(ICN)-나고야(NGO),인천(ICN),나고야(NGO),821.0,78147.0,32394.0,95.19,1084.05,41.07,-6.42,4.16,0.7993,0.0,32704.59,0.0,3009252.0,24200.0,0.0,0.0,953.18,-3.11,-0.12,-1.61,0.0,,5,1,1,3,1,11,낮음,대기 가능,True,319524.0,0.0,124.35
2023,인천(ICN)-나고야(NGO),인천(ICN),나고야(NGO),4432.0,705079.0,27375.0,159.09,802.25,439.83,-15.49,3.28,1.1634,0.0,67158.6,0.0,19382535.0,108303.0,544.1,347.53,912.87,0.81,-2.26,-3.59,0.0,,5,1,1,4,1,12,중간,가격 모니터링 후 구매,True,432139.0,35.24,178.97
2024,인천(ICN)-나고야(NGO),인천(ICN),나고야(NGO),6067.0,1019004.0,35786.0,167.96,44.52,36.89,30.73,3.02,0.92,0.0,65444.23,0.0,25143112.0,136506.0,29.72,26.04,0.0,0.0,0.0,0.0,0.0,,4,1,2,4,1,12,중간,가격 모니터링 후 구매,True,510846.0,18.21,184.19
2025,인천(ICN)-나고야(NGO),인천(ICN),나고야(NGO),6095.0,1078740.0,32817.0,176.99,5.86,0.46,-8.3,0.0,0.0,0.0,0.0,0.0,27317917.0,151827.0,8.65,11.22,0.0,0.0,0.0,0.0,0.0,,3,4,2,5,1,15,중간,가격 모니터링 후 구매,True,555558.0,8.75,179.93
2021,인천(ICN)-도쿄 나리타(NRT),인천(ICN),도쿄 나리타(NRT),5196.0,94379.0,186861.0,18.16,0.0,0.0,0.0,0.0,0.0,0.0,0.0,0.0,0.0,0.0,0.0,0.0,1030.24,-1.38,-0.3,-3.71,0.0,,2,4,1,5,1,13,중간,가격 모니터링 후 구매,True,0.0,0.0,0.0
2022,인천(ICN)-도쿄 나리타(NRT),인천(ICN),도쿄 나리타(NRT),8251.0,852989.0,177475.0,103.38,803.79,58.8,-5.02,4.16,0.7993,0.0,32704.59,0.0,3009252.0,24200.0,0.0,0.0,953.18,-3.11,-0.12,-1.61,0.0,,5,1,1,3,1,11,낮음,대기 가능,True,319524.0,0.0,124.35
2023,인천(ICN)-도쿄 나리타(NRT),인천(ICN),도쿄 나리타(NRT),20666.0,3654075.0,180936.0,176.82,328.38,150.47,1.95,3.28,1.1634,0.0,67158.6,0.0,19382535.0,108303.0,544.1,347.53,912.87,0.81,-2.26,-3.59,0.0,,5,1,1,4,1,12,중간,가격 모니터링 후 구매,True,432139.0,35.24,178.97
2024,인천(ICN)-도쿄 나리타(NRT),인천(ICN),도쿄 나리타(NRT),25754.0,4824120.0,198566.0,187.32,32.02,24.62,9.74,3.02,0.92,0.0,65444.23,0.0,25143112.0,136506.0,29.72,26.04,0.0,0.0,0.0,0.0,0.0,,4,2,2,4,1,13,중간,가격 모니터링 후 구매,True,510846.0,18.21,184.19
2025,인천(ICN)-도쿄 나리타(NRT),인천(ICN),도쿄 나리타(NRT),24960.0,4617603.0,213172.0,185.0,-4.28,-3.08,7.36,0.0,0.0,0.0,0.0,0.0,27317917.0,151827.0,8.65,11.22,0.0,0.0,0.0,0.0,0.0,,1,5,2,5,1,14,중간,가격 모니터링 후 구매,True,555558.0,8.75,179.93
2021,인천(ICN)-도쿄 하네다(HND),인천(ICN),도쿄 하네다(HND),1.0,87.0,3.0,87.0,0.0,0.0,0.0,0.0,0.0,0.0,0.0,0.0,0.0,0.0,0.0,0.0,1030.24,-1.38,-0.3,-3.71,0.0,,2,4,1,5,1,13,중간,가격 모니터링 후 구매,True,0.0,0.0,0.0
2022,인천(ICN)-도쿄 하네다(HND),인천(ICN),도쿄 하네다(HND),125.0,17148.0,152.0,137.18,19610.34,12400.0,4966.67,4.16,0.7993,0.0,32704.59,0.0,3009252.0,24200.0,0.0,0.0,953.18,-3.11,-0.12,-1.61,0.0,,5,1,1,3,1,11,낮음,대기 가능,True,319524.0,0.0,124.35
2023,인천(ICN)-도쿄 하네다(HND),인천(ICN),도쿄 하네다(HND),1402.0,225247.0,2376.0,160.66,1213.55,1021.6,1463.16,3.28,1.1634,0.0,67158.6,0.0,19382535.0,108303.0,544.1,347.53,912.87,0.81,-2.26,-3.59,0.0,,5,1,1,4,1,12,중간,가격 모니터링 후 구매,True,432139.0,35.24,178.97
2024,인천(ICN)-도쿄 하네다(HND),인천(ICN),도쿄 하네다(HND),2192.0,356727.0,3881.0,162.74,58.37,56.35,63.34,3.02,0.92,0.0,65444.23,0.0,25143112.0,136506.0,29.72,26.04,0.0,0.0,0.0,0.0,0.0,,5,1,2,4,1,13,중간,가격 모니터링 후 구매,True,510846.0,18.21,184.19
2025,인천(ICN)-도쿄 하네다(HND),인천(ICN),도쿄 하네다(HND),2195.0,421888.0,7169.0,192.2,18.27,0.14,84.72,0.0,0.0,0.0,0.0,0.0,27317917.0,151827.0,8.65,11.22,0.0,0.0,0.0,0.0,0.0,,3,4,2,5,1,15,중간,가격 모니터링 후 구매,True,555558.0,8.75,179.93
2021,인천(ICN)-삿보로(치토세)(CTS),인천(ICN),삿보로(치토세)(CTS),1.0,0.0,0.0,0.0,0.0,0.0,0.0,0.0,0.0,0.0,0.0,0.0,0.0,0.0,0.0,0.0,1030.24,-1.38,-0.3,-3.71,0.0,,2,4,1,5,1,13,중간,가격 모니터링 후 구매,True,0.0,0.0,0.0
2022,인천(ICN)-삿보로(치토세)(CTS),인천(ICN),삿보로(치토세)(CTS),663.0,102033.0,1131.0,153.9,inf,66200.0,inf,4.16,0.7993,0.0,32704.59,0.0,3009252.0,24200.0,0.0,0.0,953.18,-3.11,-0.12,-1.61,0.0,,5,1,1,3,1,11,낮음,대기 가능,True,319524.0,0.0,124.35
2023,인천(ICN)-삿보로(치토세)(CTS),인천(ICN),삿보로(치토세)(CTS),5640.0,1068294.0,12139.0,189.41,947.01,750.68,973.3,3.28,1.1634,0.0,67158.6,0.0,19382535.0,108303.0,544.1,347.53,912.87,0.81,-2.26,-3.59,0.0,,5,1,1,4,1,12,중간,가격 모니터링 후 구매,True,432139.0,35.24,178.97
2024,인천(ICN)-삿보로(치토세)(CTS),인천(ICN),삿보로(치토세)(CTS),6452.0,1320729.0,16128.0,204.7,23.63,14.4,32.86,3.02,0.92,0.0,65444.23,0.0,25143112.0,136506.0,29.72,26.04,0.0,0.0,0.0,0.0,0.0,,4,3,2,4,1,14,중간,가격 모니터링 후 구매,True,510846.0,18.21,184.19
2025,인천(ICN)-삿보로(치토세)(CTS),인천(ICN),삿보로(치토세)(CTS),6609.0,1324811.0,15757.0,200.46,0.31,2.43,-2.3,0.0,0.0,0.0,0.0,0.0,27317917.0,151827.0,8.65,11.22,0.0,0.0,0.0,0.0,0.0,,2,4,2,5,1,14,중간,가격 모니터링 후 구매,True,555558.0,8.75,179.93
2023,인천(ICN)-센다이(SDJ),인천(ICN),센다이(SDJ),244.0,34317.0,432.0,140.64,0.0,0.0,0.0,3.28,1.1634,0.0,67158.6,0.0,19382535.0,108303.0,544.1,347.53,912.87,0.81,-2.26,-3.59,0.0,,2,4,1,4,1,12,중간,가격 모니터링 후 구매,True,432139.0,35.24,178.97
2024,인천(ICN)-센다이(SDJ),인천(ICN),센다이(SDJ),730.0,101175.0,1231.0,138.6,194.82,199.18,184.95,3.02,0.92,0.0,65444.23,0.0,25143112.0,136506.0,29.72,26.04,0.0,0.0,0.0,0.0,0.0,,5,1,2,4,1,13,중간,가격 모니터링 후 구매,True,510846.0,18.21,184.19
2025,인천(ICN)-센다이(SDJ),인천(ICN),센다이(SDJ),518.0,78330.0,979.0,151.22,-22.58,-29.04,-20.47,0.0,0.0,0.0,0.0,0.0,27317917.0,151827.0,8.65,11.22,0.0,0.0,0.0,0.0,0.0,,1,5,2,5,1,14,중간,가격 모니터링 후 구매,True,555558.0,8.75,179.93
2023,인천(ICN)-시즈오카(FSZ),인천(ICN),시즈오카(FSZ),394.0,62899.0,561.0,159.64,0.0,0.0,0.0,3.28,1.1634,0.0,67158.6,0.0,19382535.0,108303.0,544.1,347.53,912.87,0.81,-2.26,-3.59,0.0,,2,4,1,4,1,12,중간,가격 모니터링 후 구매,True,432139.0,35.24,178.97
2024,인천(ICN)-시즈오카(FSZ),인천(ICN),시즈오카(FSZ),826.0,131793.0,1265.0,159.56,109.53,109.64,125.49,3.02,0.92,0.0,65444.23,0.0,25143112.0,136506.0,29.72,26.04,0.0,0.0,0.0,0.0,0.0,,5,1,2,4,1,13,중간,가격 모니터링 후 구매,True,510846.0,18.21,184.19
2025,인천(ICN)-시즈오카(FSZ),인천(ICN),시즈오카(FSZ),1268.0,187203.0,1795.0,147.64,42.04,53.51,41.9,0.0,0.0,0.0,0.0,0.0,27317917.0,151827.0,8.65,11.22,0.0,0.0,0.0,0.0,0.0,,4,1,2,5,1,13,중간,가격 모니터링 후 구매,True,555558.0,8.75,179.93
2023,인천(ICN)-아오모리(AOJ),인천(ICN),아오모리(AOJ),18.0,1904.0,21.0,105.78,0.0,0.0,0.0,3.28,1.1634,0.0,67158.6,0.0,19382535.0,108303.0,544.1,347.53,912.87,0.81,-2.26,-3.59,0.0,,2,4,1,4,1,12,중간,가격 모니터링 후 구매,True,432139.0,35.24,178.97
2024,인천(ICN)-아오모리(AOJ),인천(ICN),아오모리(AOJ),296.0,32595.0,401.0,110.12,1611.92,1544.44,1809.52,3.02,0.92,0.0,65444.23,0.0,25143112.0,136506.0,29.72,26.04,0.0,0.0,0.0,0.0,0.0,,5,1,2,4,1,13,중간,가격 모니터링 후 구매,True,510846.0,18.21,184.19
2025,인천(ICN)-아오모리(AOJ),인천(ICN),아오모리(AOJ),314.0,41124.0,523.0,130.97,26.17,6.08,30.42,0.0,0.0,0.0,0.0,0.0,27317917.0,151827.0,8.65,11.22,0.0,0.0,0.0,0.0,0.0,,4,3,2,5,1,15,중간,가격 모니터링 후 구매,True,555558.0,8.75,179.93
2022,인천(ICN)-오끼나와(OKA),인천(ICN),오끼나와(OKA),201.0,26947.0,270.0,134.06,0.0,0.0,0.0,4.16,0.7993,0.0,32704.59,0.0,3009252.0,24200.0,0.0,0.0,953.18,-3.11,-0.12,-1.61,0.0,,2,4,1,3,1,11,낮음,대기 가능,True,319524.0,0.0,124.35
2023,인천(ICN)-오끼나와(OKA),인천(ICN),오끼나와(OKA),3575.0,573696.0,5998.0,160.47,2028.98,1678.61,2121.48,3.28,1.1634,0.0,67158.6,0.0,19382535.0,108303.0,544.1,347.53,912.87,0.81,-2.26,-3.59,0.0,,5,1,1,4,1,12,중간,가격 모니터링 후 구매,True,432139.0,35.24,178.97
2024,인천(ICN)-오끼나와(OKA),인천(ICN),오끼나와(OKA),4065.0,720923.0,7745.0,177.35,25.66,13.71,29.13,3.02,0.92,0.0,65444.23,0.0,25143112.0,136506.0,29.72,26.04,0.0,0.0,0.0,0.0,0.0,,4,3,2,4,1,14,중간,가격 모니터링 후 구매,True,510846.0,18.21,184.19
2025,인천(ICN)-오끼나와(OKA),인천(ICN),오끼나와(OKA),4499.0,858236.0,9378.0,190.76,19.05,10.68,21.08,0.0,0.0,0.0,0.0,0.0,27317917.0,151827.0,8.65,11.22,0.0,0.0,0.0,0.0,0.0,,3,3,2,5,1,14,중간,가격 모니터링 후 구매,True,555558.0,8.75,179.93
2023,인천(ICN)-요나고(YGJ),인천(ICN),요나고(YGJ),78.0,13183.0,110.0,169.01,0.0,0.0,0.0,3.28,1.1634,0.0,67158.6,0.0,19382535.0,108303.0,544.1,347.53,912.87,0.81,-2.26,-3.59,0.0,,2,4,1,4,1,12,중간,가격 모니터링 후 구매,True,432139.0,35.24,178.97
2024,인천(ICN)-요나고(YGJ),인천(ICN),요나고(YGJ),312.0,52328.0,401.0,167.72,296.94,300.0,264.55,3.02,0.92,0.0,65444.23,0.0,25143112.0,136506.0,29.72,26.04,0.0,0.0,0.0,0.0,0.0,,5,1,2,4,1,13,중간,가격 모니터링 후 구매,True,510846.0,18.21,184.19
2025,인천(ICN)-요나고(YGJ),인천(ICN),요나고(YGJ),466.0,76328.0,532.0,163.79,45.86,49.36,32.67,0.0,0.0,0.0,0.0,0.0,27317917.0,151827.0,8.65,11.22,0.0,0.0,0.0,0.0,0.0,,4,1,2,5,1,13,중간,가격 모니터링 후 구매,True,555558.0,8.75,179.93
2021,인천(ICN)-후쿠오카(FUK),인천(ICN),후쿠오카(FUK),146.0,8211.0,203.0,56.24,0.0,0.0,0.0,0.0,0.0,0.0,0.0,0.0,0.0,0.0,0.0,0.0,1030.24,-1.38,-0.3,-3.71,0.0,,2,4,1,5,1,13,중간,가격 모니터링 후 구매,True,0.0,0.0,0.0
2022,인천(ICN)-후쿠오카(FUK),인천(ICN),후쿠오카(FUK),2753.0,425680.0,4523.0,154.62,5084.27,1785.62,2128.08,4.16,0.7993,0.0,32704.59,0.0,3009252.0,24200.0,0.0,0.0,953.18,-3.11,-0.12,-1.61,0.0,,5,1,1,3,1,11,낮음,대기 가능,True,319524.0,0.0,124.35
2023,인천(ICN)-후쿠오카(FUK),인천(ICN),후쿠오카(FUK),15720.0,2811886.0,28255.0,178.87,560.56,471.01,524.7,3.28,1.1634,0.0,67158.6,0.0,19382535.0,108303.0,544.1,347.53,912.87,0.81,-2.26,-3.59,0.0,,5,1,1,4,1,12,중간,가격 모니터링 후 구매,True,432139.0,35.24,178.97
2024,인천(ICN)-후쿠오카(FUK),인천(ICN),후쿠오카(FUK),17198.0,3357275.0,37965.0,195.21,19.4,9.4,34.37,3.02,0.92,0.0,65444.23,0.0,25143112.0,136506.0,29.72,26.04,0.0,0.0,0.0,0.0,0.0,,3,3,2,4,1,13,중간,가격 모니터링 후 구매,True,510846.0,18.21,184.19
2025,인천(ICN)-후쿠오카(FUK),인천(ICN),후쿠오카(FUK),17018.0,3445289.0,40669.0,202.45,2.62,-1.05,7.12,0.0,0.0,0.0,0.0,0.0,27317917.0,151827.0,8.65,11.22,0.0,0.0,0.0,0.0,0.0,,2,5,2,5,1,15,중간,가격 모니터링 후 구매,True,555558.0,8.75,179.93
2023,인천(ICN)-히로시마(HIJ),인천(ICN),히로시마(HIJ),222.0,33690.0,299.0,151.76,0.0,0.0,0.0,3.28,1.1634,0.0,67158.6,0.0,19382535.0,108303.0,544.1,347.53,912.87,0.81,-2.26,-3.59,0.0,,2,4,1,4,1,12,중간,가격 모니터링 후 구매,True,432139.0,35.24,178.97
2024,인천(ICN)-히로시마(HIJ),인천(ICN),히로시마(HIJ),1354.0,206151.0,1815.0,152.25,511.91,509.91,507.02,3.02,0.92,0.0,65444.23,0.0,25143112.0,136506.0,29.72,26.04,0.0,0.0,0.0,0.0,0.0,,5,1,2,4,1,13,중간,가격 모니터링 후 구매,True,510846.0,18.21,184.19
2025,인천(ICN)-히로시마(HIJ),인천(ICN),히로시마(HIJ),1256.0,186798.0,1736.0,148.72,-9.39,-7.24,-4.35,0.0,0.0,0.0,0.0,0.0,27317917.0,151827.0,8.65,11.22,0.0,0.0,0.0,0.0,0.0,,1,5,2,5,1,14,중간,가격 모니터링 후 구매,True,555558.0,8.75,179.93
